CandidateID,AssociateID,AssessmentDate,TimeTaken_OldAssessment,TimeTaken_NewAssessment,OldAssessment_Section1,OldAssessment_Section2,OldAssessment_Section3,NewAssessment_Section1,NewAssessment_Section2,NewAssessment_Section3,NewAssessment_Section4
1,1001,2022-01-01,31.23,84.9,89.45,84.66,91.0,64.71,77.61,79.63,83.9
2,1002,2022-01-02,16.56,101.29,60.15,74.42,72.52,73.61,80.6,71.89,96.42
3,1003,2022-01-03,30.65,77.67,95.62,76.51,77.41,61.53,73.18,86.66,86.3
4,1004,2022-01-04,32.64,68.88,97.58,69.21,87.78,89.58,98.67,46.98,97.91
5,1005,2022-01-05,32.18,68.82,79.26,72.84,92.14,90.23,99.58,55.64,91.58
6,1006,2022-01-06,25.76,74.32,80.77,74.72,90.01,93.25,85.95,80.57,90.09
7,1007,2022-01-07,23.57,86.13,51.68,92.72,78.4,47.22,80.49,49.49,97.6
8,1008,2022-01-08,37.53,84.87,98.05,85.88,74.32,51.75,83.2,79.19,90.75
9,1009,2022-01-09,32.72,75.54,55.15,71.94,90.36,79.32,82.24,85.59,88.68
10,1010,2022-01-10,23.67,76.64,94.39,83.64,89.0,49.62,96.44,57.51,96.79
11,1011,2022-01-11,25.12,82.72,90.61,71.25,92.92,93.79,88.86,60.94,88.85
12,1012,2022-01-12,21.86,84.77,70.36,83.58,70.14,74.54,81.98,72.14,78.28
13,1013,2022-01-13,30.83,70.62,78.11,62.52,74.46,91.33,85.06,50.33,96.49
14,1014,2022-01-14,31.78,70.93,67.34,98.39,87.34,46.9,79.72,43.78,95.85
15,1015,2022-01-15,33.23,81.1,57.39,77.7,89.5,42.76,70.24,46.46,85.85
16,1016,2022-01-16,31.31,85.41,,92.6,77.39,84.06,74.72,79.14,90.62
17,1017,2022-01-17,29.32,91.93,77.6,83.15,73.31,62.66,99.14,54.78,77.46
18,1018,2022-01-18,34.18,72.6,53.34,61.29,82.81,61.4,87.23,75.12,77.16
19,1019,2022-01-19,32.82,61.57,61.07,77.36,72.67,45.48,95.91,69.09,83.09
20,1020,2022-01-20,26.43,74.02,84.17,96.46,84.03,59.83,95.88,69.56,97.24
21,1021,2022-01-21,19.3,97.58,,97.66,85.4,63.48,88.71,54.5,80.2
22,1022,2022-01-22,32.66,68.67,95.05,86.88,70.3,86.94,73.43,81.08,92.55
23,1023,2022-01-23,23.65,62.87,77.73,61.48,93.21,67.45,83.82,44.69,80.33
24,1024,2022-01-24,38.62,89.13,51.99,87.63,73.54,93.01,86.32,81.55,97.19
25,1025,2022-01-25,27.05,80.8,66.73,69.8,93.97,53.12,85.65,54.17,76.25
26,1026,2022-01-26,27.48,85.33,68.01,74.51,75.67,49.47,70.75,57.17,77.42
27,1027,2022-01-27,36.23,78.17,90.26,73.48,75.15,78.53,96.15,82.16,80.46
28,1028,2022-01-28,34.3,82.27,68.56,93.34,91.61,86.4,81.99,89.61,77.35
29,1029,2022-01-29,32.48,82.12,95.54,99.3,72.02,44.29,78.81,65.79,82.38
30,1030,2022-01-30,30.42,76.96,,91.72,78.67,52.82,82.98,68.36,82.13
31,1031,2022-01-31,30.53,66.24,62.12,66.15,79.26,40.12,73.94,70.36,94.96
32,1032,2022-02-01,28.99,66.9,76.45,99.59,91.11,92.29,76.44,50.04,94.23
33,1033,2022-02-02,30.24,85.64,73.72,86.25,75.84,49.1,79.62,59.65,86.9
34,1034,2022-02-03,23.56,82.5,73.73,76.35,76.65,52.44,97.02,63.59,94.4
35,1035,2022-02-04,21.97,80.64,64.18,72.93,90.08,60.69,97.36,76.93,82.13
36,1036,2022-02-05,39.65,77.75,95.12,63.25,89.25,94.58,88.55,77.04,85.07
37,1037,2022-02-06,26.72,74.65,91.26,82.43,84.12,42.24,90.12,80.12,95.0
38,1038,2022-02-07,37.49,93.19,62.26,80.57,94.92,90.13,83.21,40.21,75.54
39,1039,2022-02-08,32.78,89.35,62.96,74.11,86.76,76.0,73.69,83.46,89.25
40,1040,2022-02-09,30.31,88.37,91.11,72.0,83.42,66.53,97.08,48.84,81.32
41,1041,2022-02-10,30.08,74.95,55.46,99.57,82.96,72.64,99.6,73.65,97.36
42,1042,2022-02-11,38.45,82.53,55.75,88.51,75.09,81.53,86.67,49.28,88.71
43,1043,2022-02-12,28.62,63.18,54.72,80.34,77.81,75.84,85.78,78.96,88.25
44,1044,2022-02-13,30.13,78.3,97.46,60.74,82.61,46.19,98.16,62.78,100.0
45,1045,2022-02-14,25.93,87.37,84.15,71.58,82.18,71.82,97.27,40.66,88.04
46,1046,2022-02-15,26.09,79.73,84.58,89.64,86.48,49.5,73.45,75.02,90.66
47,1047,2022-02-16,21.39,70.61,66.17,96.44,94.97,87.32,78.77,49.86,89.91
48,1048,2022-02-17,27.02,59.97,95.19,66.08,81.02,78.88,86.63,62.76,84.62
49,1049,2022-02-18,37.81,75.81,66.33,80.72,82.31,80.73,74.96,43.98,78.24
50,1050,2022-02-19,34.56,82.4,66.44,62.36,76.2,85.92,93.13,44.34,89.89
51,1051,2022-02-20,22.85,74.68,62.61,91.27,83.74,52.89,70.66,54.09,88.79
52,1052,2022-02-21,28.39,77.47,55.11,99.98,89.73,60.16,70.51,54.52,94.51
53,1053,2022-02-22,31.68,91.86,60.93,61.56,74.01,76.9,78.18,63.83,89.93
54,1054,2022-02-23,36.42,60.33,62.36,66.35,92.03,72.62,91.54,89.77,97.99
55,1055,2022-02-24,25.78,84.48,91.05,72.34,93.01,77.14,99.83,58.42,92.79
56,1056,2022-02-25,32.04,79.05,64.15,76.89,89.36,73.89,78.68,58.38,81.3
57,1057,2022-02-26,29.97,75.69,67.7,99.83,90.79,92.17,86.61,64.91,84.93
58,1058,2022-02-27,33.35,95.62,97.15,76.43,80.26,46.51,71.88,70.13,80.54
59,1059,2022-02-28,32.99,74.52,56.53,66.39,75.72,44.57,85.82,49.17,84.06
60,1060,2022-03-01,17.37,84.98,87.71,89.44,75.79,88.1,82.32,55.4,89.75
61,1061,2022-03-02,36.94,67.14,83.58,77.88,70.13,42.91,79.85,77.6,94.72
62,1062,2022-03-03,24.12,81.99,64.93,84.68,71.57,45.81,98.12,81.19,90.1
63,1063,2022-03-04,28.11,78.73,84.51,77.76,77.07,65.12,95.29,41.18,78.82
64,1064,2022-03-05,33.56,76.29,95.41,99.92,78.13,55.01,86.83,54.27,98.35
65,1065,2022-03-06,22.99,92.4,77.94,86.02,71.35,85.07,75.69,87.44,82.95
66,1066,2022-03-07,25.64,86.22,58.7,90.47,74.53,89.29,84.99,48.89,83.02
67,1067,2022-03-08,35.03,76.48,54.85,74.53,94.67,83.97,71.01,59.57,89.53
68,1068,2022-03-09,27.68,74.07,90.85,85.62,72.26,55.87,98.46,47.01,97.59
69,1069,2022-03-10,33.92,86.94,62.85,63.35,91.4,50.68,85.28,61.2,84.06
70,1070,2022-03-11,33.75,74.24,53.12,81.62,81.27,41.64,882.8,77.87,88.41
71,1071,2022-03-12,30.48,96.79,60.3,98.44,72.19,60.13,88.8,60.11,92.55
72,1072,2022-03-13,34.62,63.99,99.88,77.64,70.38,77.48,80.98,73.32,95.06
73,1073,2022-03-14,21.59,62.28,95.16,99.67,94.63,52.87,71.37,64.89,99.71
74,1074,2022-03-15,28.22,101.18,,98.68,78.9,94.94,79.21,78.12,83.45
75,1075,2022-03-16,28.9,79.93,,72.15,86.92,77.82,73.43,42.62,93.93
76,1076,2022-03-17,28.59,87.07,88.41,96.02,87.22,46.02,98.57,55.23,81.27
77,1077,2022-03-18,28.79,84.57,82.6,73.96,73.58,58.24,93.33,87.23,85.38
78,1078,2022-03-19,28.94,78.34,83.08,87.05,82.04,59.69,82.59,54.37,83.49
79,1079,2022-03-20,34.45,93.06,82.44,69.37,92.89,66.2,80.44,76.92,91.86
80,1080,2022-03-21,26.56,96.19,67.72,91.27,75.77,66.6,86.48,62.01,82.31
81,1081,2022-03-22,27.33,69.45,68.02,60.28,89.48,87.79,77.46,56.75,78.4
82,1082,2022-03-23,33.37,70.6,65.13,75.81,82.23,66.88,75.23,55.41,92.87
83,1083,2022-03-24,25.67,70.8,57.38,96.56,85.26,74.61,82.1,72.3,84.16
84,1084,2022-03-25,30.55,79.58,98.57,95.6,84.65,72.34,76.63,46.26,80.9
85,1085,2022-03-26,29.71,79.79,66.53,67.69,71.75,67.07,88.8,65.51,76.31
86,1086,2022-03-27,28.93,70.64,65.41,66.2,72.49,63.2,91.72,62.11,89.3
87,1087,2022-03-28,25.25,81.83,67.18,87.26,72.33,61.16,74.81,88.64,85.93
88,1088,2022-03-29,27.02,75.96,87.95,90.6,93.54,52.57,82.7,85.23,81.18
89,1089,2022-03-30,34.2,79.86,89.18,62.6,91.42,73.56,94.9,84.18,93.18
90,1090,2022-03-31,30.71,87.38,61.13,73.21,83.06,58.96,96.61,78.17,85.49
91,1091,2022-04-01,29.28,85.78,87.73,63.78,90.3,77.22,78.13,53.02,79.69
92,1092,2022-04-02,35.74,81.59,99.71,99.94,92.54,73.12,98.02,58.93,80.72
93,1093,2022-04-03,28.3,74.74,84.88,84.31,71.22,61.22,89.33,40.92,91.62
94,1094,2022-04-04,29.26,89.44,,60.05,86.11,91.72,98.66,66.65,92.68
95,1095,2022-04-05,35.54,82.17,,93.58,90.13,72.46,92.75,49.74,87.78
96,1096,2022-04-06,32.29,90.73,87.52,95.85,79.76,55.01,76.33,62.51,79.86
97,1097,2022-04-07,32.37,89.97,71.27,99.67,84.9,89.17,91.48,80.29,94.07
98,1098,2022-04-08,33.98,83.2,56.8,74.05,75.94,40.14,85.56,47.34,86.78
99,1099,2022-04-09,33.82,78.71,60.8,75.03,89.65,68.31,93.75,79.43,89.22
100,1100,2022-04-10,33.11,80.24,82.89,95.21,82.14,72.55,95.35,85.29,75.15
101,1101,2022-04-11,30.49,89.9,66.97,62.33,77.51,60.3,71.33,71.31,87.68
102,1102,2022-04-12,24.05,74.02,92.32,98.0,80.05,62.94,75.67,86.27,76.73
103,1103,2022-04-13,30.22,74.82,67.81,96.37,90.79,56.6,87.52,67.48,95.78
104,1104,2022-04-14,33.93,69.32,80.75,85.09,79.19,74.69,91.45,78.13,75.81
105,1105,2022-04-15,28.1,74.37,77.76,64.16,77.62,68.69,88.87,80.01,89.33
106,1106,2022-04-16,36.06,91.58,93.32,84.69,86.03,92.6,88.19,57.82,82.53
107,1107,2022-04-17,34.71,93.32,96.56,74.59,77.49,68.68,87.33,41.65,93.26
108,1108,2022-04-18,23.53,62.14,87.91,76.72,78.34,49.03,77.41,46.24,86.03
109,1109,2022-04-19,35.84,85.57,60.98,78.26,86.01,68.65,79.11,80.18,75.35
110,1110,2022-04-20,31.94,78.57,67.75,66.34,82.78,63.42,994.7,43.13,84.37
111,1111,2022-04-21,25.12,73.58,60.62,62.07,71.45,80.92,85.67,62.08,94.48
112,1112,2022-04-22,33.44,80.27,56.6,73.61,86.17,69.33,98.0,74.89,77.82
113,1113,2022-04-23,42.55,88.04,85.93,66.4,77.04,80.8,87.16,73.33,92.98
114,1114,2022-04-24,25.18,73.13,92.8,86.92,84.27,64.44,76.72,46.91,88.62
115,1115,2022-04-25,30.4,70.33,62.78,88.38,81.93,49.97,97.83,52.41,79.94
116,1116,2022-04-26,32.8,82.38,81.12,97.72,92.89,44.45,89.2,84.67,86.36
117,1117,2022-04-27,24.52,68.94,92.75,67.5,85.79,63.4,859.5,77.72,81.78
118,1118,2022-04-28,20.98,84.41,72.89,90.12,75.17,75.58,76.93,79.71,85.58
119,1119,2022-04-29,27.62,62.31,88.29,88.57,70.17,43.02,77.43,81.03,79.17
120,1120,2022-04-30,20.87,90.53,78.68,82.7,90.63,90.96,98.85,60.04,78.34
121,1121,2022-05-01,29.72,91.3,50.56,65.03,88.38,41.79,88.58,57.4,81.18
122,1122,2022-05-02,34.97,85.84,59.73,97.49,91.22,47.61,82.35,63.44,75.8
123,1123,2022-05-03,29.85,85.45,93.44,63.88,76.41,94.27,97.61,53.32,78.23
124,1124,2022-05-04,35.73,80.46,75.16,83.75,85.26,59.58,70.41,41.15,81.16
125,1125,2022-05-05,27.48,71.77,51.47,82.46,86.0,78.14,78.44,87.59,75.72
126,1126,2022-05-06,35.06,82.25,78.57,60.12,86.25,88.67,83.68,42.03,92.48
127,1127,2022-05-07,25.56,69.24,83.87,65.24,84.1,44.42,85.8,82.37,94.45
128,1128,2022-05-08,26.63,76.83,60.21,73.14,81.08,66.24,86.9,72.66,79.4
129,1129,2022-05-09,36.96,89.66,59.0,65.65,91.49,51.74,817.8,68.2,85.23
130,1130,2022-05-10,29.1,78.56,72.63,61.11,74.54,58.89,91.43,70.23,96.32
131,1131,2022-05-11,25.29,74.55,64.59,72.38,94.26,60.47,79.08,68.52,95.53
132,1132,2022-05-12,35.8,86.6,70.66,67.66,92.34,86.61,82.15,80.96,88.9
133,1133,2022-05-13,24.84,87.21,73.25,95.56,71.92,64.74,96.87,41.12,93.07
134,1134,2022-05-14,35.09,68.88,86.29,73.51,89.83,66.07,83.74,68.17,83.77
135,1135,2022-05-15,35.86,84.75,78.18,93.54,91.18,93.23,85.67,40.65,95.07
136,1136,2022-05-16,28.35,81.35,55.53,80.05,86.29,55.78,76.56,80.56,78.0
137,1137,2022-05-17,39.92,88.34,65.28,78.22,83.89,69.23,77.23,73.21,91.28
138,1138,2022-05-18,37.9,75.03,94.69,81.21,90.89,50.17,75.32,67.99,93.6
139,1139,2022-05-19,25.31,93.89,57.06,85.44,91.47,68.62,88.81,82.23,89.49
140,1140,2022-05-20,26.04,76.05,62.15,66.35,90.26,85.93,83.24,58.24,87.88
141,1141,2022-05-21,31.56,89.46,72.99,96.02,85.34,63.9,73.98,57.52,77.43
142,1142,2022-05-22,25.3,89.71,66.68,78.4,77.16,49.7,80.42,76.76,94.67
143,1143,2022-05-23,27.96,70.74,82.91,60.75,76.58,46.16,73.75,70.41,75.13
144,1144,2022-05-24,30.45,88.51,65.25,83.28,90.57,41.19,88.6,44.59,79.9
145,1145,2022-05-25,34.15,78.98,99.07,72.86,86.08,56.55,73.35,87.61,90.06
146,1146,2022-05-26,34.91,85.41,70.18,89.67,93.64,58.22,88.72,51.67,75.17
147,1147,2022-05-27,31.58,92.66,55.41,89.84,80.53,88.41,90.01,81.03,81.97
148,1148,2022-05-28,24.15,78.5,60.24,80.02,87.52,94.06,84.89,67.71,84.0
149,1149,2022-05-29,26.69,85.79,61.03,93.16,75.31,86.33,88.71,47.69,88.24
150,1150,2022-05-30,27.08,75.1,,91.78,90.52,82.65,91.92,85.76,76.5
151,1151,2022-05-31,35.64,91.27,96.41,65.11,70.09,48.17,75.66,70.22,92.17
152,1152,2022-06-01,29.33,80.84,82.17,67.0,87.72,65.2,76.46,88.75,99.63
153,1153,2022-06-02,32.71,92.29,85.88,60.01,92.37,58.15,78.68,59.69,83.83
154,1154,2022-06-03,22.78,97.38,92.7,98.54,91.56,93.94,84.53,52.8,97.95
155,1155,2022-06-04,36.21,84.8,69.43,83.69,75.71,41.7,889.8000000000001,86.19,84.44
156,1156,2022-06-05,30.86,78.32,94.89,75.97,74.5,56.37,94.1,77.48,80.9
157,1157,2022-06-06,31.7,77.63,58.9,99.56,93.0,63.03,70.42,46.2,91.16
158,1158,2022-06-07,33.98,101.88,61.9,77.11,91.74,45.78,84.59,44.71,94.93
159,1159,2022-06-08,30.86,80.2,72.78,68.1,92.41,73.93,92.08,65.32,95.88
160,1160,2022-06-09,30.22,90.42,91.03,69.32,82.69,52.31,88.58,57.37,85.5
161,1161,2022-06-10,35.11,65.63,76.0,75.28,93.45,77.54,91.73,81.99,99.52
162,1162,2022-06-11,29.05,80.67,89.82,94.59,91.16,69.78,92.81,82.66,76.99
163,1163,2022-06-12,29.11,75.32,78.56,66.63,92.12,45.1,79.0,85.24,81.34
164,1164,2022-06-13,29.07,71.22,55.04,64.52,80.97,50.19,72.83,72.58,94.98
165,1165,2022-06-14,33.03,82.14,56.82,72.3,81.21,87.11,94.69,72.37,93.54
166,1166,2022-06-15,23.0,82.63,54.39,66.08,78.64,47.27,79.88,84.31,83.13
167,1167,2022-06-16,29.91,87.47,96.64,91.79,86.07,73.86,93.47,73.82,98.58
168,1168,2022-06-17,30.73,91.36,94.49,98.16,79.74,72.16,96.6,45.6,75.44
169,1169,2022-06-18,26.03,72.46,50.59,68.26,70.94,53.09,84.41,49.06,79.97
170,1170,2022-06-19,29.47,82.98,81.6,97.92,80.92,93.05,79.63,76.7,76.95
171,1171,2022-06-20,37.63,82.93,86.96,65.78,75.13,61.17,99.05,51.55,76.62
172,1172,2022-06-21,41.44,88.13,55.76,64.11,88.29,84.83,71.55,85.46,97.43
173,1173,2022-06-22,32.04,81.0,66.19,71.96,83.42,64.73,89.4,44.33,94.08
174,1174,2022-06-23,24.9,95.98,79.33,65.0,81.14,42.16,75.45,83.94,75.52
175,1175,2022-06-24,33.14,79.16,77.33,76.2,74.63,80.75,78.82,88.72,84.25
176,1176,2022-06-25,22.43,73.29,90.22,74.5,89.73,54.65,82.26,81.8,84.38
177,1177,2022-06-26,23.88,82.93,88.74,63.14,77.15,73.67,78.93,76.81,78.38
178,1178,2022-06-27,26.83,75.96,84.07,92.29,91.94,65.11,88.25,58.81,85.44
179,1179,2022-06-28,29.46,90.76,81.77,62.42,87.38,83.58,88.08,58.75,75.74
180,1180,2022-06-29,20.83,89.93,,66.04,78.73,76.87,746.5,44.88,90.92
181,1181,2022-06-30,32.93,77.5,60.77,95.99,74.12,86.61,72.92,80.18,87.69
182,1182,2022-07-01,33.43,63.01,,63.89,90.26,60.35,85.19,79.77,93.34
183,1183,2022-07-02,34.0,83.89,63.2,79.79,72.54,66.24,894.9,72.56,91.17
184,1184,2022-07-03,27.98,69.03,97.36,78.97,81.68,87.73,71.91,41.26,98.38
185,1185,2022-07-04,29.06,69.96,53.85,98.14,85.35,61.28,91.56,50.55,85.85
186,1186,2022-07-05,35.85,84.95,69.06,87.01,72.29,69.1,94.54,44.93,77.49
187,1187,2022-07-06,32.19,67.88,91.06,80.55,81.35,90.75,91.73,45.12,85.86
188,1188,2022-07-07,19.19,63.59,59.54,83.82,86.07,80.69,94.69,78.46,97.64
189,1189,2022-07-08,30.36,75.94,73.97,64.49,89.48,43.84,76.91,72.73,90.38
190,1190,2022-07-09,41.3,75.05,73.26,62.5,81.14,48.03,78.95,59.52,83.53
191,1191,2022-07-10,31.23,95.4,83.3,73.2,84.74,44.29,79.53,70.79,93.22
192,1192,2022-07-11,32.52,99.72,91.25,65.53,71.31,88.59,91.53,42.86,76.44
193,1193,2022-07-12,33.57,90.42,52.25,79.27,76.14,74.17,93.83,62.31,92.29
194,1194,2022-07-13,25.72,85.57,71.55,97.96,85.84,94.36,97.1,67.94,75.17
195,1195,2022-07-14,34.07,78.89,50.18,75.55,94.76,48.83,97.39,68.09,98.4
196,1196,2022-07-15,40.78,91.57,59.98,70.99,72.21,62.9,84.97,83.06,98.22
197,1197,2022-07-16,26.35,83.55,70.49,87.14,84.74,44.59,96.93,61.29,95.18
198,1198,2022-07-17,25.03,83.19,78.56,83.14,86.79,89.6,98.33,70.14,88.74
199,1199,2022-07-18,22.49,84.78,59.45,81.97,70.05,75.07,93.37,46.94,87.51
200,1200,2022-07-19,31.91,75.48,98.44,67.34,74.63,65.65,86.63,84.67,86.48
201,1201,2022-07-20,31.99,94.39,82.58,95.69,93.97,49.83,92.22,88.5,97.06
202,1202,2022-07-21,21.53,101.36,80.86,96.86,88.16,51.09,94.69,81.7,88.24
203,1203,2022-07-22,38.16,78.76,96.55,99.89,78.18,61.68,79.28,67.66,97.23
204,1204,2022-07-23,35.15,94.69,72.17,75.59,88.69,76.73,71.38,69.06,75.81
205,1205,2022-07-24,35.73,85.26,81.68,79.99,85.54,61.51,97.07,79.06,92.84
206,1206,2022-07-25,34.34,76.87,71.88,69.31,94.8,59.61,75.07,78.57,78.31
207,1207,2022-07-26,32.28,52.92,97.29,97.32,84.61,76.74,91.1,69.24,89.28
208,1208,2022-07-27,30.58,65.4,89.79,85.6,75.98,45.76,96.99,88.06,82.09
209,1209,2022-07-28,31.74,85.85,55.5,90.44,88.2,82.09,91.4,86.64,81.82
210,1210,2022-07-29,32.49,68.42,82.92,60.98,70.58,40.87,76.87,64.29,92.21
211,1211,2022-07-30,27.17,83.18,95.87,75.46,78.19,50.26,74.63,52.36,90.9
212,1212,2022-07-31,36.23,80.04,65.65,98.0,77.52,51.33,83.56,72.36,75.62
213,1213,2022-08-01,28.79,88.86,76.32,67.77,91.67,65.99,74.39,61.96,95.98
214,1214,2022-08-02,28.58,83.83,69.73,96.04,89.02,72.73,90.49,81.93,77.12
215,1215,2022-08-03,25.76,100.61,81.43,62.28,79.9,59.46,96.35,82.16,88.04
216,1216,2022-08-04,28.58,73.24,59.09,65.79,87.4,88.46,79.58,57.71,83.53
217,1217,2022-08-05,30.99,92.52,59.76,91.06,80.61,83.26,79.13,42.42,78.58
218,1218,2022-08-06,29.36,70.12,68.8,85.98,76.5,60.21,85.92,83.76,88.79
219,1219,2022-08-07,26.21,80.41,,94.73,76.98,47.61,702.2,79.15,75.08
220,1220,2022-08-08,35.58,81.78,82.65,81.86,74.4,94.74,90.39,75.95,79.86
221,1221,2022-08-09,27.54,72.55,74.76,87.76,92.86,64.78,76.66,78.74,89.43
222,1222,2022-08-10,27.84,101.15,50.23,88.47,87.76,66.12,88.55,82.0,80.96
223,1223,2022-08-11,33.53,83.02,59.06,68.18,85.97,56.36,86.8,50.03,99.75
224,1224,2022-08-12,32.24,93.92,77.72,94.62,90.46,56.27,701.1,88.28,84.54
225,1225,2022-08-13,37.16,73.44,73.42,61.29,77.71,73.88,88.81,88.21,90.11
226,1226,2022-08-14,19.69,67.68,50.48,95.2,76.52,94.24,88.6,57.55,98.33
227,1227,2022-08-15,25.87,71.55,,65.92,81.06,43.05,73.67,68.2,93.79
228,1228,2022-08-16,26.57,80.39,68.2,78.8,70.03,88.83,91.22,80.67,99.25
229,1229,2022-08-17,26.95,88.75,79.47,87.32,79.99,49.53,93.91,79.49,84.17
230,1230,2022-08-18,29.72,76.03,,66.3,93.4,52.67,81.55,48.39,75.15
231,1231,2022-08-19,33.63,64.11,81.3,93.87,70.33,66.86,86.17,57.28,97.33
232,1232,2022-08-20,35.43,75.09,65.79,64.39,86.73,65.21,71.35,57.59,77.15
233,1233,2022-08-21,20.48,90.26,83.79,98.3,86.46,48.07,92.78,74.59,94.96
234,1234,2022-08-22,29.74,80.98,,81.02,77.6,67.38,91.98,82.65,86.56
235,1235,2022-08-23,29.82,71.66,95.8,72.65,90.96,92.72,95.88,58.86,83.75
236,1236,2022-08-24,27.91,78.7,64.48,98.58,83.77,91.14,84.06,60.96,93.1
237,1237,2022-08-25,31.59,87.08,80.24,64.2,73.79,84.48,75.65,61.65,95.84
238,1238,2022-08-26,27.63,98.54,90.94,66.0,80.84,48.2,96.15,59.6,87.87
239,1239,2022-08-27,24.38,69.02,79.64,69.68,88.07,45.97,82.6,47.92,97.9
240,1240,2022-08-28,32.13,72.1,76.32,68.11,72.52,80.98,88.85,46.09,79.63
241,1241,2022-08-29,30.03,88.04,67.62,89.81,88.08,59.8,72.36,55.18,78.35
242,1242,2022-08-30,38.46,78.65,54.82,64.42,93.89,55.97,97.67,65.6,77.84
243,1243,2022-08-31,27.6,81.25,81.09,70.52,91.8,60.44,95.69,81.42,96.71
244,1244,2022-09-01,33.54,70.17,84.03,61.29,82.86,65.81,90.86,61.81,76.7
245,1245,2022-09-02,24.22,85.7,62.55,78.84,90.63,44.75,89.22,69.13,97.84
246,1246,2022-09-03,28.1,85.25,73.93,85.12,73.69,82.97,70.47,51.07,79.7
247,1247,2022-09-04,23.51,86.92,79.22,88.27,92.16,56.27,76.75,69.7,76.78
248,1248,2022-09-05,40.63,68.28,67.26,60.4,76.03,69.98,81.45,73.91,75.72
249,1249,2022-09-06,36.45,88.23,69.71,93.49,85.72,54.48,94.43,45.3,78.42
250,1250,2022-09-07,34.39,88.11,63.7,85.96,86.46,73.23,92.24,59.49,76.32
251,1251,2022-09-08,26.15,94.51,99.08,80.77,70.58,48.21,84.75,82.89,87.04
252,1252,2022-09-09,29.14,79.47,53.75,94.61,89.74,92.4,80.51,50.53,93.77
253,1253,2022-09-10,33.83,87.27,80.98,63.43,78.36,69.32,83.9,63.09,97.1
254,1254,2022-09-11,28.22,103.13,89.04,64.31,78.01,66.72,72.7,42.5,87.08
255,1255,2022-09-12,26.77,90.26,54.76,80.14,71.78,74.92,85.84,45.04,90.13
256,1256,2022-09-13,28.67,100.09,57.92,81.83,85.29,93.26,93.65,56.58,89.02
257,1257,2022-09-14,24.96,86.29,68.48,82.36,79.54,50.18,93.09,60.84,77.5
258,1258,2022-09-15,25.59,81.17,80.14,71.55,86.0,66.38,79.75,74.23,92.71
259,1259,2022-09-16,28.85,78.13,94.08,94.18,70.84,61.4,86.58,47.32,88.99
260,1260,2022-09-17,33.63,73.58,61.7,89.03,77.4,84.36,91.51,54.12,77.24
261,1261,2022-09-18,34.36,80.47,86.13,90.52,84.37,83.67,80.42,69.63,76.53
262,1262,2022-09-19,27.63,81.6,89.87,69.75,80.73,48.52,84.84,78.62,78.98
263,1263,2022-09-20,30.6,74.69,63.19,67.03,80.18,66.07,90.26,63.16,79.36
264,1264,2022-09-21,36.48,74.63,82.63,78.18,89.63,94.26,99.1,50.74,90.8
265,1265,2022-09-22,28.99,84.94,97.88,91.21,72.57,60.71,88.57,67.52,86.85
266,1266,2022-09-23,25.71,83.98,64.22,64.16,70.32,60.18,89.97,48.06,79.28
267,1267,2022-09-24,30.11,86.07,68.21,92.33,92.21,56.58,93.07,83.37,82.68
268,1268,2022-09-25,23.24,69.01,57.27,96.55,91.67,57.47,75.16,89.33,97.25
269,1269,2022-09-26,37.68,89.81,,81.19,82.59,62.34,97.54,84.29,86.79
270,1270,2022-09-27,24.61,77.33,62.95,87.98,92.65,50.04,87.93,88.94,87.52
271,1271,2022-09-28,35.23,86.57,98.47,61.54,77.93,83.7,77.18,73.83,89.77
272,1272,2022-09-29,30.21,101.06,87.61,66.95,70.98,40.31,86.86,77.23,94.44
273,1273,2022-09-30,31.27,80.48,62.75,97.33,88.71,57.81,82.76,78.18,93.03
274,1274,2022-10-01,23.47,65.68,51.04,80.15,92.78,76.92,88.81,41.93,77.82
275,1275,2022-10-02,31.9,100.76,81.6,86.08,73.38,91.12,92.68,80.21,80.96
276,1276,2022-10-03,27.88,87.47,50.25,70.54,84.23,46.9,905.5,63.69,93.67
277,1277,2022-10-04,26.51,78.51,92.84,66.39,84.33,92.77,85.06,41.99,79.69
278,1278,2022-10-05,33.32,70.47,51.85,85.41,81.36,91.61,99.25,60.04,96.49
279,1279,2022-10-06,32.04,85.25,89.19,96.32,90.78,63.29,77.83,87.53,85.68
280,1280,2022-10-07,28.43,59.54,59.3,87.86,77.82,82.38,70.77,70.58,84.09
281,1281,2022-10-08,33.03,78.89,50.27,80.71,84.58,56.04,90.67,71.01,90.2
282,1282,2022-10-09,21.52,73.54,89.27,72.75,89.72,54.25,92.18,73.38,81.57
283,1283,2022-10-10,32.55,85.13,99.68,63.36,92.82,69.8,82.61,56.82,78.16
284,1284,2022-10-11,32.25,59.56,51.98,90.34,88.06,70.3,91.52,52.98,78.11
285,1285,2022-10-12,30.19,71.66,61.28,98.7,77.4,77.3,90.32,69.79,81.02
286,1286,2022-10-13,34.81,81.64,97.5,85.41,72.09,63.96,74.04,59.59,93.08
287,1287,2022-10-14,30.16,60.58,57.18,88.77,82.01,90.19,91.66,43.87,76.64
288,1288,2022-10-15,32.06,88.16,93.42,75.05,80.77,63.88,94.03,87.5,92.65
289,1289,2022-10-16,30.18,79.44,50.99,90.45,91.55,89.56,74.37,87.17,85.53
290,1290,2022-10-17,24.38,74.52,53.0,64.05,91.34,57.44,82.91,82.44,99.31
291,1291,2022-10-18,31.8,93.97,79.8,70.9,83.56,82.75,95.45,60.41,98.67
292,1292,2022-10-19,30.97,95.32,77.72,95.77,82.92,58.51,72.16,87.32,78.21
293,1293,2022-10-20,30.36,92.67,92.97,90.02,82.98,69.14,76.82,74.22,85.38
294,1294,2022-10-21,38.59,88.08,50.47,69.04,92.16,58.78,72.87,51.78,77.43
295,1295,2022-10-22,29.53,89.87,53.87,82.64,75.45,93.24,93.44,49.52,78.49
296,1296,2022-10-23,29.33,53.92,88.32,67.12,83.8,75.57,72.81,72.66,76.55
297,1297,2022-10-24,25.44,71.12,62.77,84.84,89.06,40.75,92.3,55.25,85.52
298,1298,2022-10-25,31.69,90.9,71.98,66.93,75.02,82.41,97.06,61.54,90.13
299,1299,2022-10-26,32.16,82.89,89.24,84.93,91.44,69.37,93.23,50.49,93.13
300,1300,2022-10-27,22.15,96.26,90.81,85.57,89.96,71.75,77.77,40.39,93.2
301,1301,2022-10-28,21.37,87.26,94.06,80.69,87.45,85.5,93.14,65.49,98.1
302,1302,2022-10-29,30.07,60.91,63.42,87.72,92.62,40.25,76.05,76.48,94.31
303,1303,2022-10-30,25.89,81.84,90.11,81.64,75.82,41.25,90.06,88.73,78.77
304,1304,2022-10-31,31.17,69.48,54.17,86.69,94.84,59.4,98.59,46.43,93.74
305,1305,2022-11-01,37.69,79.35,65.05,62.72,79.41,53.09,91.76,66.94,90.03
306,1306,2022-11-02,22.28,67.44,97.34,98.78,94.25,50.83,80.64,43.83,87.2
307,1307,2022-11-03,24.93,77.74,71.7,91.14,82.88,49.15,89.15,55.91,77.53
308,1308,2022-11-04,26.89,93.71,53.65,65.61,86.2,46.13,72.84,59.81,88.86
309,1309,2022-11-05,23.24,82.8,75.41,72.83,78.61,49.29,77.13,49.91,88.16
310,1310,2022-11-06,34.68,98.21,63.8,70.02,85.46,52.38,90.14,78.54,84.67
311,1311,2022-11-07,35.84,94.2,83.55,88.5,73.57,56.9,99.07,41.57,98.11
312,1312,2022-11-08,22.45,85.07,91.64,62.76,77.86,88.19,88.35,52.78,81.61
313,1313,2022-11-09,38.02,92.49,77.23,85.47,75.88,77.67,89.56,64.12,84.44
314,1314,2022-11-10,30.14,77.43,54.43,76.62,92.21,53.59,93.47,77.01,92.3
315,1315,2022-11-11,28.02,75.74,92.91,78.18,90.1,67.63,92.94,51.67,95.82
316,1316,2022-11-12,40.03,59.85,88.79,68.22,87.14,47.91,97.28,55.47,94.51
317,1317,2022-11-13,29.15,67.96,57.29,87.22,87.77,44.25,77.75,70.48,96.22
318,1318,2022-11-14,31.44,66.33,67.8,92.32,82.12,71.06,82.21,59.33,77.02
319,1319,2022-11-15,36.21,77.77,83.25,90.9,75.83,50.32,81.44,59.38,88.94
320,1320,2022-11-16,34.02,66.62,94.06,89.91,93.31,81.82,93.79,47.35,88.85
321,1321,2022-11-17,36.18,61.4,62.78,82.7,76.69,60.46,74.85,45.89,81.72
322,1322,2022-11-18,28.48,79.41,94.5,77.76,79.96,93.1,98.8,85.25,82.37
323,1323,2022-11-19,25.5,57.99,99.33,90.61,93.07,59.02,91.36,53.84,84.62
324,1324,2022-11-20,35.34,72.97,75.69,70.46,85.26,85.47,79.66,81.23,75.03
325,1325,2022-11-21,37.61,66.07,68.63,67.03,93.79,70.88,99.56,68.26,94.54
326,1326,2022-11-22,28.92,85.37,88.02,67.83,81.78,90.8,79.9,41.55,81.25
327,1327,2022-11-23,31.45,76.48,66.94,72.33,85.83,86.98,77.53,75.46,89.39
328,1328,2022-11-24,28.75,78.38,60.84,96.44,74.65,74.3,78.08,51.72,89.8
329,1329,2022-11-25,33.79,89.9,64.57,76.58,79.4,58.06,98.16,50.25,89.16
330,1330,2022-11-26,23.73,84.0,79.27,83.05,87.49,51.84,87.73,40.65,75.32
331,1331,2022-11-27,27.61,83.4,95.57,97.12,87.29,53.9,90.0,48.99,98.68
332,1332,2022-11-28,30.38,67.34,90.73,73.72,88.93,44.53,78.8,55.97,80.83
333,1333,2022-11-29,32.17,75.93,87.16,91.75,70.15,88.12,72.42,63.07,79.39
334,1334,2022-11-30,31.67,100.01,68.97,82.63,70.62,85.53,95.92,51.72,94.06
335,1335,2022-12-01,29.29,82.68,52.51,84.29,73.23,87.17,93.33,76.7,76.67
336,1336,2022-12-02,33.78,71.24,69.55,98.98,86.14,62.16,96.28,80.19,80.27
337,1337,2022-12-03,21.78,93.54,50.06,64.1,90.68,87.21,84.85,87.69,86.19
338,1338,2022-12-04,39.55,85.94,59.33,89.91,76.59,47.54,83.66,80.64,81.99
339,1339,2022-12-05,30.36,64.6,72.14,75.7,90.73,48.64,70.88,83.3,81.42
340,1340,2022-12-06,19.67,94.8,82.31,80.72,74.04,54.73,72.63,80.25,92.32
341,1341,2022-12-07,32.82,89.06,87.86,80.73,93.29,59.75,86.71,42.3,80.28
342,1342,2022-12-08,28.09,97.4,96.61,60.25,88.11,69.47,79.6,88.91,80.42
343,1343,2022-12-09,36.74,92.57,82.54,88.56,90.8,89.7,99.42,70.93,84.53
344,1344,2022-12-10,33.56,91.61,95.02,81.66,83.35,55.66,84.19,82.35,88.6
345,1345,2022-12-11,28.61,78.41,50.72,81.59,85.66,76.36,70.71,40.53,83.13
346,1346,2022-12-12,33.04,84.91,96.73,88.82,71.33,89.6,81.71,60.45,76.12
347,1347,2022-12-13,23.35,81.42,83.93,93.93,82.2,48.64,98.67,73.49,91.42
348,1348,2022-12-14,38.24,87.71,85.11,78.91,80.15,43.21,80.14,84.16,98.14
349,1349,2022-12-15,19.9,74.24,51.19,62.66,76.07,40.63,98.7,46.42,93.49
350,1350,2022-12-16,31.54,86.9,94.14,63.06,83.91,91.44,82.68,40.82,85.16
351,1351,2022-12-17,25.62,88.76,85.84,70.06,88.73,42.81,87.28,56.76,87.27
352,1352,2022-12-18,32.29,79.66,91.28,74.61,82.02,74.76,70.43,84.76,89.59
353,1353,2022-12-19,29.86,75.84,92.29,66.41,89.11,88.59,90.5,49.14,80.87
354,1354,2022-12-20,21.13,79.69,87.65,68.21,71.66,77.41,73.42,71.42,85.99
355,1355,2022-12-21,22.78,86.94,64.06,99.95,72.57,44.62,73.76,78.03,87.4
356,1356,2022-12-22,25.82,80.65,87.25,85.31,78.41,60.52,85.49,86.99,76.69
357,1357,2022-12-23,33.6,78.95,68.12,70.26,82.04,86.37,86.22,40.97,84.66
358,1358,2022-12-24,35.98,70.52,76.89,70.9,73.05,56.93,80.43,61.61,98.46
359,1359,2022-12-25,25.59,92.63,91.15,69.49,83.98,50.88,71.54,43.32,91.93
360,1360,2022-12-26,32.48,85.91,56.69,90.4,70.35,53.39,72.34,53.12,93.73
361,1361,2022-12-27,21.83,91.01,87.51,82.09,75.66,76.22,742.5,56.38,91.5
362,1362,2022-12-28,30.26,90.2,66.84,69.56,80.01,41.41,88.54,82.12,88.41
363,1363,2022-12-29,28.58,68.11,68.81,85.52,80.39,67.91,72.36,76.88,79.21
364,1364,2022-12-30,34.02,66.12,97.41,76.28,72.35,70.1,74.8,61.59,89.01
365,1365,2022-12-31,30.18,92.93,93.97,74.21,93.24,47.9,84.69,67.88,81.3
366,1366,2023-01-01,28.62,87.54,69.68,64.13,71.23,85.53,97.34,55.3,94.54
367,1367,2023-01-02,30.94,64.82,70.07,94.8,71.87,92.9,95.84,70.61,92.66
368,1368,2023-01-03,27.86,60.06,54.01,73.44,92.63,89.16,97.0,43.44,99.4
369,1369,2023-01-04,28.74,87.59,72.56,79.07,78.06,43.62,93.54,67.65,93.07
370,1370,2023-01-05,23.17,69.86,92.44,86.18,88.02,83.26,81.95,63.44,84.5
371,1371,2023-01-06,30.11,86.72,98.69,64.4,81.13,85.59,92.73,89.25,97.78
372,1372,2023-01-07,33.53,90.11,91.29,94.56,73.52,79.25,77.35,56.82,92.75
373,1373,2023-01-08,25.28,80.71,50.36,99.95,76.83,89.4,70.93,89.05,93.94
374,1374,2023-01-09,31.93,80.75,94.81,60.03,80.14,81.13,78.74,63.85,90.25
375,1375,2023-01-10,24.73,93.32,53.69,98.3,70.58,86.19,81.69,67.17,79.44
376,1376,2023-01-11,28.73,81.53,84.91,94.52,76.39,57.16,91.39,77.53,86.55
377,1377,2023-01-12,31.99,78.65,72.77,99.1,90.67,43.14,80.91,58.65,92.86
378,1378,2023-01-13,40.4,57.0,97.76,61.94,94.27,59.45,86.71,48.83,80.19
379,1379,2023-01-14,29.88,68.31,95.57,74.25,74.17,65.64,79.03,51.22,90.18
380,1380,2023-01-15,29.52,77.95,,95.31,82.58,68.82,94.89,53.15,92.24
381,1381,2023-01-16,40.53,64.33,79.6,79.16,90.13,65.6,70.75,63.25,86.47
382,1382,2023-01-17,42.36,70.8,72.0,79.42,84.76,92.87,89.82,41.21,86.81
383,1383,2023-01-18,29.26,83.6,94.44,68.9,89.08,70.23,92.86,53.8,98.17
384,1384,2023-01-19,24.12,74.91,58.86,90.74,78.23,50.35,81.02,68.82,99.72
385,1385,2023-01-20,33.57,83.26,59.73,99.67,88.28,47.82,72.79,74.68,81.17
386,1386,2023-01-21,27.21,71.83,,97.74,84.87,91.87,91.57,70.38,98.35
387,1387,2023-01-22,28.02,70.49,81.34,64.08,77.96,88.13,72.11,59.76,93.57
388,1388,2023-01-23,33.49,64.46,91.53,62.46,92.85,65.68,99.08,57.27,90.33
389,1389,2023-01-24,31.68,68.07,85.3,78.28,75.51,85.24,89.57,51.29,90.67
390,1390,2023-01-25,36.0,72.2,58.71,78.23,76.25,43.75,89.81,57.33,77.82
391,1391,2023-01-26,24.37,88.07,88.25,66.66,79.76,55.27,79.45,49.59,91.59
392,1392,2023-01-27,23.24,79.53,70.27,81.8,87.5,53.77,75.16,52.63,80.45
393,1393,2023-01-28,27.39,72.5,75.46,69.84,71.65,50.24,92.2,56.91,81.11
394,1394,2023-01-29,29.21,76.17,91.56,82.45,82.51,47.77,97.74,80.62,93.88
395,1395,2023-01-30,35.05,78.03,82.01,90.94,93.83,77.6,76.15,88.44,79.79
396,1396,2023-01-31,31.35,82.3,86.39,93.97,90.58,68.16,94.52,71.05,83.96
397,1397,2023-02-01,34.06,92.28,65.73,60.6,85.07,58.28,94.76,55.82,85.27
398,1398,2023-02-02,28.18,91.37,96.38,68.34,94.82,74.02,88.95,71.57,78.42
399,1399,2023-02-03,40.69,78.68,96.06,70.44,76.08,47.96,91.22,62.82,78.13
400,1400,2023-02-04,27.83,85.0,84.39,80.42,79.0,71.42,94.35,52.6,78.45
401,1401,2023-02-05,25.18,68.71,84.05,70.84,93.42,89.23,94.45,74.12,87.2
402,1402,2023-02-06,19.65,71.16,57.27,73.3,89.01,68.2,93.59,80.34,90.16
403,1403,2023-02-07,38.21,84.25,69.73,94.96,84.71,56.0,73.04,54.79,82.82
404,1404,2023-02-08,30.17,84.56,67.91,78.37,76.38,63.7,93.44,79.45,76.52
405,1405,2023-02-09,38.08,92.56,64.9,90.97,80.57,69.52,86.57,45.51,75.68
406,1406,2023-02-10,40.39,86.66,80.73,63.66,83.62,63.61,78.63,66.5,80.75
407,1407,2023-02-11,36.91,76.69,91.11,80.75,76.54,48.72,93.14,54.54,87.25
408,1408,2023-02-12,29.12,86.34,85.07,63.08,72.53,46.64,83.91,89.49,87.63
409,1409,2023-02-13,26.96,70.98,96.21,65.56,72.39,46.48,84.59,46.51,76.28
410,1410,2023-02-14,29.01,73.3,83.46,62.24,73.9,71.02,83.3,42.88,90.03
411,1411,2023-02-15,32.07,80.33,99.22,72.68,91.59,46.23,89.76,86.83,80.36
412,1412,2023-02-16,27.87,77.42,83.08,85.99,75.45,70.82,80.17,75.88,79.14
413,1413,2023-02-17,30.45,78.95,89.94,78.89,88.37,52.72,71.7,62.24,84.28
414,1414,2023-02-18,36.57,78.48,74.99,76.75,86.02,73.29,79.2,46.2,95.0
415,1415,2023-02-19,26.86,81.23,65.63,92.08,91.19,72.47,88.8,61.73,78.78
416,1416,2023-02-20,20.83,86.77,94.88,95.78,75.19,81.54,74.86,84.57,80.24
417,1417,2023-02-21,38.87,81.59,98.04,78.92,87.71,81.75,94.55,57.32,77.42
418,1418,2023-02-22,32.77,80.07,76.9,77.11,79.24,69.79,93.52,57.41,96.98
419,1419,2023-02-23,29.49,85.63,,69.29,85.53,51.31,81.01,56.92,92.8
420,1420,2023-02-24,23.19,77.16,56.5,84.13,91.85,43.62,74.26,82.82,79.24
421,1421,2023-02-25,36.38,91.38,87.96,93.59,70.3,84.98,72.43,69.98,90.28
422,1422,2023-02-26,30.73,58.8,81.79,93.1,70.34,43.91,76.74,56.78,76.09
423,1423,2023-02-27,23.2,68.18,72.62,65.03,70.52,90.68,84.13,63.36,85.83
424,1424,2023-02-28,22.13,82.46,76.94,99.65,89.69,84.18,77.61,88.12,77.13
425,1425,2023-03-01,28.26,82.96,91.83,66.96,70.99,45.29,74.21,45.98,81.66
426,1426,2023-03-02,40.4,94.45,76.27,69.08,77.22,79.18,78.09,81.59,92.47
427,1427,2023-03-03,35.83,97.13,75.71,72.44,70.08,58.03,89.83,48.22,75.16
428,1428,2023-03-04,33.36,87.32,94.03,83.93,84.65,43.6,89.91,63.35,86.6
429,1429,2023-03-05,36.94,80.82,,69.36,86.22,69.1,96.02,51.55,75.28
430,1430,2023-03-06,28.95,76.06,78.12,87.16,83.78,83.87,83.89,68.63,88.28
431,1431,2023-03-07,37.09,73.55,99.2,81.02,88.36,42.6,86.57,43.89,79.37
432,1432,2023-03-08,45.16,78.71,91.4,84.19,78.08,40.64,76.08,45.31,88.14
433,1433,2023-03-09,36.17,79.95,54.45,98.04,81.67,58.18,77.13,48.35,85.76
434,1434,2023-03-10,30.81,87.59,81.58,82.04,72.28,84.3,85.45,60.41,88.54
435,1435,2023-03-11,32.74,86.85,54.24,88.06,91.42,80.35,70.73,51.81,86.49
436,1436,2023-03-12,37.3,101.51,71.33,95.48,94.22,71.95,91.65,75.43,90.14
437,1437,2023-03-13,31.41,90.3,60.77,77.49,91.72,45.99,77.94,40.05,90.42
438,1438,2023-03-14,31.14,72.95,55.21,94.28,79.11,45.41,72.31,67.06,80.03
439,1439,2023-03-15,25.8,77.33,60.83,94.55,82.59,70.23,92.46,73.33,75.59
440,1440,2023-03-16,38.46,74.53,99.5,91.78,86.69,93.58,71.96,77.26,88.19
441,1441,2023-03-17,23.63,84.1,92.0,86.94,91.32,70.98,82.69,82.04,80.92
442,1442,2023-03-18,28.13,69.58,80.69,74.88,93.07,75.76,83.34,78.47,90.42
443,1443,2023-03-19,27.8,83.1,67.84,73.99,80.45,83.44,72.65,65.33,80.79
444,1444,2023-03-20,30.88,64.72,59.91,64.49,87.95,82.8,91.86,57.24,97.12
445,1445,2023-03-21,30.55,72.42,88.1,74.61,71.83,81.6,88.97,86.41,82.64
446,1446,2023-03-22,39.3,79.85,82.49,92.58,91.7,46.33,78.7,59.44,87.54
447,1447,2023-03-23,27.25,86.69,57.6,89.04,77.71,84.69,92.14,68.01,76.88
448,1448,2023-03-24,29.24,86.93,80.22,69.44,81.3,72.22,73.71,54.61,92.94
449,1449,2023-03-25,18.74,79.74,60.68,87.91,93.7,47.0,73.88,50.77,81.65
450,1450,2023-03-26,26.5,86.56,91.91,95.16,80.5,89.53,80.27,65.4,82.82
451,1451,2023-03-27,38.24,77.93,84.49,96.35,71.83,84.17,93.71,83.69,91.47
452,1452,2023-03-28,40.12,74.69,79.43,71.59,88.99,53.55,80.35,68.74,80.27
453,1453,2023-03-29,38.34,99.92,58.56,81.3,94.26,54.47,97.85,86.15,82.93
454,1454,2023-03-30,30.61,91.46,84.98,82.83,89.12,82.03,76.25,75.06,90.59
455,1455,2023-03-31,21.24,97.12,76.42,77.45,75.55,59.22,75.54,53.14,85.34
456,1456,2023-04-01,34.42,89.32,,71.31,78.45,76.92,99.19,84.47,78.73
457,1457,2023-04-02,24.24,81.6,95.23,72.73,76.41,65.61,95.98,88.28,94.38
458,1458,2023-04-03,32.34,71.68,71.4,98.06,82.65,69.24,88.37,85.96,77.45
459,1459,2023-04-04,26.81,84.73,88.3,78.7,90.04,41.44,97.99,73.19,91.08
460,1460,2023-04-05,34.5,92.94,88.02,87.85,73.32,42.36,84.26,84.1,87.97
461,1461,2023-04-06,24.4,91.3,64.57,78.43,84.59,87.03,71.59,52.87,81.79
462,1462,2023-04-07,39.08,101.19,74.88,71.42,74.4,92.63,88.88,74.45,77.47
463,1463,2023-04-08,31.79,70.45,81.88,70.62,72.56,54.6,80.15,85.73,85.49
464,1464,2023-04-09,38.62,76.76,97.64,79.81,77.63,65.46,86.17,43.58,93.55
465,1465,2023-04-10,30.43,74.62,50.37,86.14,75.59,60.13,93.65,44.48,80.85
466,1466,2023-04-11,36.55,77.53,64.21,89.21,93.18,51.82,81.93,63.38,87.3
467,1467,2023-04-12,14.41,74.2,53.65,94.75,93.47,53.28,95.98,68.54,92.3
468,1468,2023-04-13,30.22,88.74,77.54,81.43,80.35,61.96,89.35,72.91,91.66
469,1469,2023-04-14,34.93,88.53,85.77,82.84,91.42,86.71,81.69,89.35,80.04
470,1470,2023-04-15,27.22,72.2,81.17,78.7,79.89,78.6,73.53,57.52,77.32
471,1471,2023-04-16,31.74,88.92,,61.84,72.41,93.27,72.12,87.04,75.56
472,1472,2023-04-17,30.66,76.44,83.37,93.68,93.2,78.28,84.98,84.23,93.83
473,1473,2023-04-18,24.2,78.75,54.0,85.32,73.93,73.23,83.36,61.69,81.24
474,1474,2023-04-19,27.96,83.73,80.89,84.33,87.14,86.56,71.56,86.68,92.05
475,1475,2023-04-20,33.41,87.11,55.11,88.75,77.25,73.74,86.21,45.4,94.42
476,1476,2023-04-21,34.46,71.06,53.29,68.01,79.25,65.11,93.61,80.6,94.56
477,1477,2023-04-22,27.61,75.7,55.13,81.72,75.05,90.56,96.64,60.1,79.89
478,1478,2023-04-23,34.58,72.52,80.55,73.85,72.6,90.9,85.24,63.47,87.7
479,1479,2023-04-24,38.57,78.02,79.33,91.1,86.73,49.82,81.97,60.15,97.32
480,1480,2023-04-25,35.95,76.82,98.8,66.77,84.41,84.32,85.86,80.8,89.29
481,1481,2023-04-26,33.7,93.08,74.18,98.63,93.72,56.68,95.55,66.63,81.64
482,1482,2023-04-27,28.33,71.16,50.91,65.36,88.78,53.99,84.84,71.34,92.12
483,1483,2023-04-28,35.12,85.09,,99.25,83.97,82.58,96.27,78.88,90.26
484,1484,2023-04-29,37.47,89.03,54.67,70.59,83.15,63.0,82.89,46.83,83.88
485,1485,2023-04-30,27.48,73.04,96.36,72.34,88.22,81.84,74.52,88.83,94.13
486,1486,2023-05-01,19.78,73.58,60.61,65.33,84.33,40.66,71.54,62.88,85.67
487,1487,2023-05-02,23.52,93.97,85.75,96.0,94.9,69.05,97.7,63.27,83.49
488,1488,2023-05-03,32.33,87.58,99.33,85.2,90.05,84.75,98.53,58.28,96.3
489,1489,2023-05-04,31.36,77.05,96.93,70.61,90.74,92.08,79.88,88.04,82.96
490,1490,2023-05-05,29.2,80.79,,95.33,72.94,49.73,89.71,74.3,91.4
491,1491,2023-05-06,30.22,91.19,51.53,82.25,83.75,46.66,86.46,65.58,94.43
492,1492,2023-05-07,32.66,56.3,62.51,69.16,88.96,80.02,89.41,84.95,88.91
493,1493,2023-05-08,26.07,68.34,83.6,94.25,79.91,75.58,93.3,44.92,90.66
494,1494,2023-05-09,25.24,91.7,89.9,83.32,81.61,40.82,99.72,80.37,98.15
495,1495,2023-05-10,37.47,63.81,59.86,72.65,78.07,67.56,85.86,44.88,87.17
496,1496,2023-05-11,37.87,93.17,74.26,68.68,71.58,66.76,70.62,45.21,99.09
497,1497,2023-05-12,30.44,60.21,69.11,71.16,83.08,68.63,72.46,62.21,76.56
498,1498,2023-05-13,31.64,83.06,72.82,81.87,94.34,78.39,76.43,87.69,92.53
499,1499,2023-05-14,22.18,81.93,82.71,98.6,77.47,48.15,74.5,68.52,94.76
500,1500,2023-05-15,30.3,80.07,56.0,62.14,77.0,61.47,85.04,46.58,75.52
501,1501,2023-05-16,30.84,68.45,94.52,92.53,71.19,51.09,71.46,81.22,81.86
502,1502,2023-05-17,30.37,87.65,99.7,82.34,94.98,45.06,97.96,46.37,82.5
503,1503,2023-05-18,31.15,66.18,56.51,62.55,82.82,48.37,87.61,68.37,99.75
504,1504,2023-05-19,31.51,67.47,96.7,87.79,84.96,64.47,77.9,69.57,85.13
505,1505,2023-05-20,32.79,76.02,99.87,73.41,94.1,54.57,99.75,59.79,95.05
506,1506,2023-05-21,33.24,86.35,,84.42,76.48,73.25,91.78,77.75,88.2
507,1507,2023-05-22,37.61,72.14,60.62,91.38,77.1,79.44,71.87,85.38,75.38
508,1508,2023-05-23,24.99,78.72,,72.19,83.04,46.35,96.59,48.53,91.55
509,1509,2023-05-24,28.67,91.1,74.65,92.48,94.16,44.57,97.42,89.68,82.42
510,1510,2023-05-25,24.95,76.3,52.55,78.7,77.7,58.26,93.89,60.23,81.84
511,1511,2023-05-26,20.02,85.9,87.84,75.93,79.82,80.05,77.5,69.99,95.37
512,1512,2023-05-27,21.78,77.6,71.2,93.33,91.32,76.73,86.75,75.82,99.59
513,1513,2023-05-28,35.17,86.18,,91.69,85.81,40.33,89.39,49.58,94.36
514,1514,2023-05-29,27.44,58.91,90.5,61.98,86.88,55.36,77.31,65.99,93.71
515,1515,2023-05-30,29.46,56.61,82.79,94.67,82.69,80.51,79.7,63.06,98.45
516,1516,2023-05-31,33.42,72.73,59.66,85.39,90.65,91.31,84.55,82.64,77.64
517,1517,2023-06-01,31.52,70.72,56.96,97.46,70.98,62.44,82.15,87.91,81.5
518,1518,2023-06-02,29.15,78.5,59.18,67.35,75.36,57.92,716.5,59.96,90.09
519,1519,2023-06-03,32.04,69.16,85.15,74.21,93.91,76.15,73.1,81.82,88.21
520,1520,2023-06-04,29.8,58.95,83.2,93.18,76.54,44.23,83.12,69.33,82.12
521,1521,2023-06-05,28.65,88.11,66.13,64.33,83.22,77.41,84.53,60.2,88.78
522,1522,2023-06-06,34.6,84.19,,65.45,89.0,65.0,86.48,74.97,95.36
523,1523,2023-06-07,27.43,79.37,,93.69,83.78,65.01,86.39,52.61,97.4
524,1524,2023-06-08,23.59,81.81,53.06,71.58,72.68,62.41,94.44,66.75,80.91
525,1525,2023-06-09,28.47,72.8,73.63,66.28,76.76,59.94,82.12,50.46,79.19
526,1526,2023-06-10,45.32,95.88,95.91,70.95,85.11,87.48,83.86,43.85,92.2
527,1527,2023-06-11,31.4,87.98,91.76,60.22,83.83,48.15,72.88,89.21,77.46
528,1528,2023-06-12,35.72,88.88,55.95,76.08,80.35,89.24,81.71,66.91,77.83
529,1529,2023-06-13,22.72,87.42,86.52,65.37,87.52,62.46,96.7,52.41,87.76
530,1530,2023-06-14,27.3,65.31,77.79,82.11,89.62,65.35,93.28,42.46,84.17
531,1531,2023-06-15,30.28,82.58,78.44,75.41,88.25,87.5,86.43,83.14,86.76
532,1532,2023-06-16,29.28,65.58,,89.42,82.73,45.94,87.1,57.8,91.05
533,1533,2023-06-17,27.82,84.21,67.91,88.01,79.81,67.73,71.93,84.42,98.87
534,1534,2023-06-18,23.52,78.05,69.02,92.96,93.36,94.33,82.14,47.17,94.93
535,1535,2023-06-19,36.75,70.6,65.03,61.64,93.72,56.28,76.96,74.15,94.42
536,1536,2023-06-20,32.07,76.39,64.79,67.68,91.35,93.33,96.27,54.46,82.5
537,1537,2023-06-21,33.47,81.32,79.09,62.99,86.2,52.42,95.17,44.34,77.87
538,1538,2023-06-22,33.61,87.29,62.73,95.36,73.07,52.67,77.57,76.13,95.5
539,1539,2023-06-23,34.99,73.31,79.17,97.56,73.55,50.71,96.02,67.93,82.48
540,1540,2023-06-24,22.03,76.98,69.66,62.74,87.64,73.87,89.92,56.73,82.85
541,1541,2023-06-25,37.51,82.53,76.7,98.54,74.27,49.8,77.91,89.96,76.8
542,1542,2023-06-26,39.08,80.45,64.33,71.46,76.21,92.72,79.55,71.04,85.09
543,1543,2023-06-27,22.73,82.78,98.91,99.26,80.26,67.32,70.01,80.14,82.09
544,1544,2023-06-28,27.44,77.62,61.73,81.03,80.18,50.42,80.99,70.43,92.32
545,1545,2023-06-29,36.98,85.21,58.84,77.01,83.19,52.85,94.79,77.01,91.82
546,1546,2023-06-30,31.7,79.38,61.63,82.07,94.72,86.05,97.21,76.77,91.87
547,1547,2023-07-01,32.55,68.37,61.25,95.58,87.76,70.17,79.73,82.06,83.25
548,1548,2023-07-02,28.01,72.01,65.46,89.66,80.84,92.83,95.74,62.54,93.23
549,1549,2023-07-03,22.67,83.9,76.62,60.79,90.57,79.98,75.28,60.05,94.83
550,1550,2023-07-04,31.0,81.1,98.75,91.47,90.31,63.32,96.1,76.6,83.29
551,1551,2023-07-05,27.53,79.81,54.48,62.25,75.74,94.13,96.98,48.54,97.7
552,1552,2023-07-06,37.58,76.6,55.63,60.02,94.1,71.86,80.04,40.1,98.79
553,1553,2023-07-07,24.11,85.68,52.0,73.07,77.46,70.78,74.74,49.36,79.81
554,1554,2023-07-08,31.04,93.19,65.8,98.76,89.98,94.6,82.33,79.57,99.08
555,1555,2023-07-09,29.8,60.41,60.96,84.27,80.61,87.11,77.28,70.15,83.02
556,1556,2023-07-10,36.18,76.0,66.33,85.3,92.65,53.17,98.37,79.44,89.13
557,1557,2023-07-11,30.71,62.48,69.4,88.7,83.95,89.88,86.65,45.18,97.45
558,1558,2023-07-12,27.62,75.27,78.63,94.05,70.37,57.92,72.39,60.99,84.91
559,1559,2023-07-13,31.13,89.29,82.14,80.03,92.64,78.51,77.13,45.91,96.91
560,1560,2023-07-14,38.44,99.45,90.31,95.23,70.58,67.81,91.56,85.72,95.03
561,1561,2023-07-15,24.39,91.45,75.34,83.36,79.2,88.66,84.25,58.09,98.62
562,1562,2023-07-16,37.9,78.73,83.66,84.01,88.78,58.52,99.65,71.24,92.96
563,1563,2023-07-17,32.77,67.51,79.69,80.24,81.74,80.95,98.35,61.45,79.2
564,1564,2023-07-18,29.92,88.62,68.99,88.93,80.25,55.82,79.19,80.91,91.79
565,1565,2023-07-19,35.56,70.45,87.81,67.04,89.0,76.89,76.01,86.66,95.31
566,1566,2023-07-20,31.09,91.4,99.67,81.12,71.46,55.58,79.24,45.37,76.15
567,1567,2023-07-21,32.04,92.03,68.16,89.49,79.68,79.2,89.17,74.15,97.4
568,1568,2023-07-22,29.0,92.05,80.98,93.79,78.49,83.53,88.28,76.24,92.15
569,1569,2023-07-23,30.72,76.59,,98.71,79.97,47.94,81.53,59.67,76.65
570,1570,2023-07-24,36.39,94.7,83.05,79.5,86.43,80.75,81.18,71.53,93.8
571,1571,2023-07-25,31.32,84.43,66.99,66.0,71.19,53.29,78.37,72.06,94.78
572,1572,2023-07-26,27.98,88.7,59.99,61.26,73.06,76.7,83.33,61.94,82.17
573,1573,2023-07-27,27.72,75.53,55.56,78.15,73.64,91.45,715.0,65.22,81.93
574,1574,2023-07-28,25.04,92.99,83.99,85.65,70.06,92.65,83.99,85.61,87.27
575,1575,2023-07-29,33.84,57.47,61.83,66.06,71.35,81.31,74.99,48.07,83.28
576,1576,2023-07-30,33.98,77.51,79.56,73.96,88.76,87.63,70.9,68.48,86.8
577,1577,2023-07-31,37.08,88.65,53.47,67.11,78.82,56.54,75.17,84.49,75.65
578,1578,2023-08-01,27.25,68.74,73.24,86.48,74.09,40.83,86.14,56.23,80.51
579,1579,2023-08-02,34.69,74.41,50.57,93.82,84.71,43.95,89.86,46.14,76.25
580,1580,2023-08-03,30.35,94.87,68.59,88.62,90.09,48.12,85.43,72.73,86.05
581,1581,2023-08-04,34.32,76.18,51.23,67.42,88.97,88.1,73.01,46.0,86.07
582,1582,2023-08-05,25.81,80.69,83.5,73.19,75.37,92.69,98.46,53.05,81.44
583,1583,2023-08-06,31.4,72.16,79.31,69.36,83.64,43.34,72.56,83.34,77.57
584,1584,2023-08-07,34.7,83.52,93.4,89.03,83.72,66.64,93.29,82.26,83.3
585,1585,2023-08-08,26.63,80.04,86.16,87.36,73.64,76.18,72.18,58.85,99.03
586,1586,2023-08-09,39.34,77.35,,65.89,90.01,47.06,97.17,70.73,83.86
587,1587,2023-08-10,29.58,77.41,68.64,89.08,74.46,66.67,89.08,46.48,76.3
588,1588,2023-08-11,34.32,66.29,82.09,81.26,94.25,46.66,90.65,84.16,76.62
589,1589,2023-08-12,29.62,79.51,97.36,90.89,94.18,55.52,85.55,44.97,90.39
590,1590,2023-08-13,34.72,79.82,99.78,70.62,82.2,68.47,87.43,41.5,82.94
591,1591,2023-08-14,24.95,87.88,63.77,94.96,71.19,91.74,74.89,58.49,81.02
592,1592,2023-08-15,36.38,74.31,90.32,72.0,89.68,94.05,71.62,69.34,82.69
593,1593,2023-08-16,21.09,77.0,61.71,66.76,93.36,65.71,91.67,67.85,94.56
594,1594,2023-08-17,30.37,67.69,65.94,95.83,81.79,44.52,97.65,81.68,98.36
595,1595,2023-08-18,16.32,75.42,52.02,92.28,78.97,75.95,90.71,68.21,84.31
596,1596,2023-08-19,28.42,84.93,,85.05,86.53,40.08,77.91,61.38,76.66
597,1597,2023-08-20,30.19,76.16,95.73,90.33,93.16,63.93,70.66,71.98,99.48
598,1598,2023-08-21,27.56,74.57,77.96,64.09,92.09,88.78,71.72,87.76,77.94
599,1599,2023-08-22,33.61,67.78,59.66,80.69,74.3,85.6,78.84,82.41,79.23
600,1600,2023-08-23,21.14,67.76,56.14,83.55,78.12,61.02,90.66,81.64,95.89
601,1601,2023-08-24,29.07,83.22,51.21,78.23,77.55,72.21,88.03,44.38,81.68
602,1602,2023-08-25,39.07,76.71,63.27,62.94,70.16,43.5,81.0,59.09,93.45
603,1603,2023-08-26,29.48,107.0,56.26,64.06,70.21,76.83,74.03,75.48,75.41
604,1604,2023-08-27,33.22,82.44,52.96,81.04,85.56,88.49,98.25,73.35,77.62
605,1605,2023-08-28,35.41,78.8,54.41,61.15,70.6,54.07,88.35,89.12,79.27
606,1606,2023-08-29,32.75,97.47,62.45,67.55,77.97,50.68,78.11,53.84,94.91
607,1607,2023-08-30,38.47,71.45,69.61,62.45,92.48,90.38,98.18,42.06,75.78
608,1608,2023-08-31,24.39,87.95,63.15,75.91,81.83,48.2,90.08,49.05,93.89
609,1609,2023-09-01,29.57,73.97,62.79,92.0,72.0,91.74,87.72,62.9,99.47
610,1610,2023-09-02,27.79,66.44,,80.64,84.37,83.2,74.07,65.08,98.5
611,1611,2023-09-03,33.22,87.83,78.77,86.91,85.74,60.08,79.34,52.25,85.38
612,1612,2023-09-04,15.02,81.88,70.02,77.9,71.25,76.12,83.08,85.89,93.8
613,1613,2023-09-05,27.48,78.1,74.46,72.38,81.27,51.57,81.98,87.77,92.32
614,1614,2023-09-06,23.56,61.86,85.61,65.98,76.29,88.11,74.68,67.11,79.96
615,1615,2023-09-07,37.3,83.62,,87.77,77.38,73.98,70.41,76.2,77.73
616,1616,2023-09-08,25.92,86.81,54.75,93.74,85.08,79.03,94.56,63.01,87.21
617,1617,2023-09-09,31.96,82.57,88.1,91.81,76.77,60.96,99.01,62.37,82.61
618,1618,2023-09-10,33.98,103.71,80.33,99.93,94.12,88.51,82.79,47.7,76.6
619,1619,2023-09-11,28.27,83.24,82.25,99.33,91.25,66.37,86.1,64.66,96.94
620,1620,2023-09-12,28.67,94.94,81.14,75.44,86.27,47.63,90.59,81.42,76.48
621,1621,2023-09-13,32.21,72.59,83.72,96.22,82.78,77.0,70.55,45.93,86.99
622,1622,2023-09-14,25.27,76.21,61.07,76.93,83.69,56.76,78.13,72.4,95.72
623,1623,2023-09-15,26.44,85.86,76.76,87.81,93.37,79.64,75.52,61.35,94.26
624,1624,2023-09-16,30.73,86.01,79.6,73.75,75.95,87.1,72.16,85.73,86.31
625,1625,2023-09-17,33.71,81.51,96.12,97.44,72.57,65.83,82.05,70.57,80.87
626,1626,2023-09-18,37.13,66.86,52.61,76.35,91.25,63.75,76.34,60.69,81.67
627,1627,2023-09-19,27.03,54.33,76.87,85.42,89.67,52.7,84.49,82.36,86.97
628,1628,2023-09-20,31.29,84.71,99.16,64.91,70.02,54.09,77.96,49.52,88.79
629,1629,2023-09-21,33.07,70.75,73.59,77.38,80.78,66.21,80.61,77.44,90.77
630,1630,2023-09-22,28.42,76.59,86.03,95.99,78.55,85.51,88.78,75.76,86.58
631,1631,2023-09-23,28.74,98.38,98.35,97.01,82.93,88.61,94.72,88.63,81.12
632,1632,2023-09-24,37.88,76.85,,98.6,75.04,76.84,86.78,44.71,77.47
633,1633,2023-09-25,28.73,91.2,81.47,69.46,80.34,84.31,88.48,70.36,81.73
634,1634,2023-09-26,23.42,85.65,83.99,61.28,75.24,66.45,79.08,63.58,77.73
635,1635,2023-09-27,24.73,99.0,92.47,85.08,72.42,86.25,75.44,56.81,80.16
636,1636,2023-09-28,31.87,109.7,84.83,93.22,71.42,50.72,97.75,48.74,76.29
637,1637,2023-09-29,31.01,85.51,97.84,79.84,83.42,77.82,84.86,73.62,85.1
638,1638,2023-09-30,25.87,96.24,75.65,71.27,71.4,69.43,88.51,83.18,90.5
639,1639,2023-10-01,26.87,87.18,58.93,84.16,78.01,77.93,95.93,89.0,81.04
640,1640,2023-10-02,24.86,95.19,90.78,80.5,81.6,57.18,85.55,78.19,75.35
641,1641,2023-10-03,34.39,72.3,62.99,75.56,89.51,72.9,80.11,40.7,79.48
642,1642,2023-10-04,36.23,76.64,76.11,71.16,90.99,94.77,897.6,47.04,99.4
643,1643,2023-10-05,30.4,83.16,86.06,68.13,79.3,57.31,95.43,83.28,76.53
644,1644,2023-10-06,38.03,95.35,92.82,87.43,94.66,43.34,89.18,55.32,91.69
645,1645,2023-10-07,27.65,81.74,87.55,95.51,92.26,74.33,90.45,44.56,82.6
646,1646,2023-10-08,34.03,85.76,58.66,79.84,77.32,79.25,78.3,57.55,76.31
647,1647,2023-10-09,22.38,78.7,95.2,77.33,85.32,66.56,81.97,70.39,83.69
648,1648,2023-10-10,29.16,76.31,55.13,98.02,78.69,42.65,78.8,57.76,77.2
649,1649,2023-10-11,38.61,89.46,66.22,65.21,93.07,94.91,92.85,51.53,87.97
650,1650,2023-10-12,37.23,84.1,65.1,86.98,91.76,87.07,92.38,87.16,98.66
651,1651,2023-10-13,34.51,71.55,81.16,75.35,87.95,42.02,70.4,75.72,85.43
652,1652,2023-10-14,28.12,83.26,67.04,92.74,91.89,64.94,76.21,46.33,78.98
653,1653,2023-10-15,26.61,79.46,93.82,92.76,87.2,86.48,86.28,71.13,75.64
654,1654,2023-10-16,34.62,81.52,70.52,96.0,74.2,70.37,98.62,52.53,85.07
655,1655,2023-10-17,27.52,74.85,60.09,95.92,83.66,72.14,92.77,41.48,95.08
656,1656,2023-10-18,33.01,71.02,84.06,87.03,75.83,67.5,96.28,88.23,88.8
657,1657,2023-10-19,26.48,89.15,,86.86,87.32,43.34,91.31,60.97,84.39
658,1658,2023-10-20,25.71,68.42,58.24,92.08,90.55,42.24,79.21,80.49,99.81
659,1659,2023-10-21,27.58,64.94,58.39,66.69,88.47,58.19,79.85,65.33,76.33
660,1660,2023-10-22,23.76,74.93,80.78,83.43,70.31,71.27,83.36,44.21,78.28
661,1661,2023-10-23,25.89,100.63,,84.43,79.31,89.74,79.58,58.63,77.3
662,1662,2023-10-24,35.92,76.76,50.43,67.11,73.16,63.02,72.54,86.55,75.77
663,1663,2023-10-25,25.17,92.06,60.35,94.96,94.74,78.65,77.8,82.85,80.46
664,1664,2023-10-26,27.41,85.83,67.21,62.72,79.8,76.06,90.63,76.73,99.69
665,1665,2023-10-27,19.31,81.18,75.6,83.99,91.54,46.6,93.27,56.48,88.47
666,1666,2023-10-28,32.52,77.33,79.84,96.54,82.61,66.38,96.22,62.41,90.64
667,1667,2023-10-29,32.03,74.88,56.27,80.54,70.79,42.26,76.32,87.36,75.11
668,1668,2023-10-30,24.91,67.51,91.92,74.35,77.74,88.73,90.93,82.23,80.31
669,1669,2023-10-31,27.21,86.26,60.92,62.73,89.37,74.96,86.24,58.13,99.93
670,1670,2023-11-01,30.74,79.31,75.25,84.37,70.11,60.44,75.87,59.86,78.33
671,1671,2023-11-02,29.12,72.72,76.21,91.33,88.37,53.08,86.63,73.74,88.19
672,1672,2023-11-03,23.1,89.59,57.02,78.17,76.59,42.0,92.14,44.61,97.6
673,1673,2023-11-04,34.25,77.21,53.24,84.64,82.38,66.69,88.38,54.4,84.89
674,1674,2023-11-05,23.55,71.37,,96.2,79.67,66.01,84.36,50.81,85.61
675,1675,2023-11-06,36.24,77.28,79.76,74.57,72.9,45.89,93.19,86.48,87.68
676,1676,2023-11-07,37.3,84.69,73.37,91.41,86.03,55.89,84.97,77.34,77.98
677,1677,2023-11-08,29.56,78.23,78.88,97.57,93.17,84.07,72.82,73.72,77.92
678,1678,2023-11-09,25.23,84.22,64.24,71.72,88.82,40.32,876.9,75.46,86.87
679,1679,2023-11-10,35.11,76.09,54.85,60.27,85.19,67.2,70.76,75.8,80.0
680,1680,2023-11-11,35.79,71.57,50.16,69.77,89.03,68.23,87.53,52.35,84.81
681,1681,2023-11-12,37.88,82.37,52.16,80.82,93.29,43.23,74.75,52.19,85.63
682,1682,2023-11-13,32.94,69.9,51.34,80.61,89.56,47.52,77.07,78.3,83.23
683,1683,2023-11-14,37.97,71.88,91.47,66.09,90.94,54.51,87.03,80.29,88.72
684,1684,2023-11-15,35.39,73.74,71.19,77.01,88.41,74.99,82.98,76.06,75.92
685,1685,2023-11-16,39.57,71.17,67.19,65.32,70.39,65.55,87.31,74.97,94.46
686,1686,2023-11-17,29.37,77.5,57.26,88.73,85.07,83.02,93.23,43.06,85.88
687,1687,2023-11-18,28.16,66.28,68.65,87.84,89.51,70.2,82.78,68.69,76.45
688,1688,2023-11-19,25.41,80.19,73.35,70.65,88.51,73.73,72.36,60.24,96.72
689,1689,2023-11-20,28.63,83.55,58.52,71.06,82.11,70.74,97.33,49.42,75.44
690,1690,2023-11-21,28.91,77.01,63.03,78.79,82.04,40.5,83.46,82.2,96.65
691,1691,2023-11-22,23.52,90.41,79.95,60.28,77.59,53.99,98.25,55.31,89.16
692,1692,2023-11-23,29.25,74.11,79.95,74.12,75.91,68.83,98.72,56.72,95.81
693,1693,2023-11-24,36.23,99.35,69.0,82.3,82.72,73.57,94.45,71.68,87.76
694,1694,2023-11-25,30.41,91.78,50.34,97.35,74.73,71.54,90.86,75.22,93.26
695,1695,2023-11-26,46.39,72.28,54.65,64.07,74.1,51.26,89.8,49.33,90.76
696,1696,2023-11-27,33.22,70.07,67.68,77.68,74.05,88.94,74.69,73.15,97.96
697,1697,2023-11-28,33.49,85.82,86.66,64.62,78.38,50.94,70.67,48.17,82.22
698,1698,2023-11-29,33.49,74.55,93.61,65.48,84.81,61.49,87.37,69.41,83.45
699,1699,2023-11-30,29.12,78.41,65.85,72.42,81.64,75.93,80.83,66.0,80.88
700,1700,2023-12-01,20.87,91.78,56.05,91.98,94.62,87.03,85.27,61.88,80.39
701,1701,2023-12-02,29.43,89.65,85.39,64.25,83.71,51.61,80.8,48.02,90.29
702,1702,2023-12-03,33.22,92.23,70.17,92.11,79.28,56.4,74.02,70.12,81.42
703,1703,2023-12-04,32.33,72.37,60.97,83.69,91.39,69.39,79.8,72.99,99.77
704,1704,2023-12-05,29.47,84.88,81.52,98.21,89.16,75.25,81.04,81.59,83.11
705,1705,2023-12-06,20.38,77.38,58.99,89.17,72.28,51.28,82.4,75.01,82.07
706,1706,2023-12-07,34.86,77.72,57.61,71.15,82.95,42.83,81.19,78.89,97.46
707,1707,2023-12-08,37.04,77.71,60.99,84.28,90.8,44.62,98.09,54.14,78.43
708,1708,2023-12-09,33.72,78.58,57.27,84.08,92.62,47.71,93.14,80.37,88.03
709,1709,2023-12-10,29.68,72.27,69.66,79.23,75.5,42.05,87.1,80.2,78.01
710,1710,2023-12-11,39.21,75.85,74.25,62.55,75.22,73.23,97.98,48.12,78.25
711,1711,2023-12-12,35.26,89.25,64.22,95.0,88.14,78.2,80.21,88.08,88.95
712,1712,2023-12-13,27.82,87.39,87.62,98.43,71.09,54.43,84.25,46.79,98.78
713,1713,2023-12-14,22.1,74.83,68.31,77.87,81.21,74.87,98.06,44.64,83.93
714,1714,2023-12-15,33.07,95.64,90.87,84.86,89.8,69.67,70.95,64.73,88.39
715,1715,2023-12-16,32.57,89.26,75.17,97.67,80.49,62.94,84.7,75.64,88.66
716,1716,2023-12-17,40.91,66.07,72.26,87.5,86.28,85.06,99.53,69.81,91.18
717,1717,2023-12-18,26.46,79.07,56.09,80.51,79.01,64.77,96.72,63.34,94.36
718,1718,2023-12-19,26.88,76.87,,75.29,87.82,44.45,75.42,55.37,88.52
719,1719,2023-12-20,30.93,80.43,74.14,64.32,76.96,55.25,85.03,62.82,77.83
720,1720,2023-12-21,31.74,77.52,77.82,79.28,73.27,42.15,98.66,56.22,93.54
721,1721,2023-12-22,33.45,86.09,86.11,94.0,70.34,55.24,87.89,67.55,89.44
722,1722,2023-12-23,25.52,66.52,83.0,85.53,94.19,53.41,82.21,45.73,88.84
723,1723,2023-12-24,29.56,75.77,74.22,87.68,79.96,48.96,93.82,66.6,91.99
724,1724,2023-12-25,34.84,75.13,58.8,95.51,82.22,54.84,89.01,79.02,94.0
725,1725,2023-12-26,29.59,83.12,63.13,97.77,71.63,57.45,823.9,54.57,79.43
726,1726,2023-12-27,27.96,73.26,96.15,62.83,71.95,84.55,79.42,61.33,82.3
727,1727,2023-12-28,29.04,87.47,58.49,90.19,82.15,45.9,73.02,88.96,86.03
728,1728,2023-12-29,30.57,65.69,56.77,75.29,89.39,71.52,83.97,60.95,77.89
729,1729,2023-12-30,34.05,78.1,,89.39,70.46,80.27,73.65,69.16,77.4
730,1730,2023-12-31,22.15,96.54,52.43,72.63,90.53,89.67,84.34,43.12,82.93
731,1731,2024-01-01,35.12,102.55,51.44,96.94,82.62,75.02,98.57,71.1,90.81
732,1732,2024-01-02,36.26,73.09,67.18,93.33,81.35,75.41,87.61,83.87,77.02
733,1733,2024-01-03,36.37,89.76,66.65,80.37,71.24,48.53,87.81,52.93,78.62
734,1734,2024-01-04,30.94,89.82,83.9,70.24,94.52,48.06,71.23,88.63,93.66
735,1735,2024-01-05,31.34,88.1,54.01,73.12,82.32,46.99,98.49,46.05,83.57
736,1736,2024-01-06,29.09,81.34,87.0,98.16,70.89,84.95,82.61,42.81,77.53
737,1737,2024-01-07,30.53,65.61,99.52,67.08,81.33,90.84,96.84,73.64,86.18
738,1738,2024-01-08,32.69,100.8,87.05,64.49,83.18,59.33,80.71,50.0,75.39
739,1739,2024-01-09,29.1,89.92,78.65,99.88,84.04,94.67,84.5,63.76,85.51
740,1740,2024-01-10,34.85,88.7,56.82,93.1,89.16,92.47,81.57,76.01,90.38
741,1741,2024-01-11,25.4,75.91,54.45,71.7,78.79,93.79,88.64,89.24,81.57
742,1742,2024-01-12,26.95,82.91,52.73,69.73,89.04,90.86,92.33,83.18,90.49
743,1743,2024-01-13,36.11,71.33,68.41,69.06,76.05,41.44,70.23,60.95,90.03
744,1744,2024-01-14,23.51,80.47,59.33,86.14,75.44,80.27,98.63,87.37,99.31
745,1745,2024-01-15,38.41,104.32,58.34,67.54,71.67,69.58,90.68,50.42,87.42
746,1746,2024-01-16,32.57,82.23,58.38,88.84,82.77,87.98,75.12,82.11,98.65
747,1747,2024-01-17,24.28,77.0,51.82,88.42,81.07,78.51,74.36,89.77,95.78
748,1748,2024-01-18,35.97,63.11,89.53,61.97,93.33,77.56,91.23,44.0,84.35
749,1749,2024-01-19,20.72,74.75,71.3,86.31,89.81,66.42,711.3,74.56,86.42
750,1750,2024-01-20,26.19,63.58,78.4,73.74,93.84,44.0,77.5,69.75,82.11
751,1751,2024-01-21,28.49,67.75,71.06,95.34,93.66,73.76,95.16,42.44,87.98
752,1752,2024-01-22,29.11,70.09,61.89,86.68,79.18,86.94,74.15,47.89,98.51
753,1753,2024-01-23,27.52,78.08,92.96,69.68,86.77,89.92,86.08,89.89,78.42
754,1754,2024-01-24,33.12,84.56,57.65,90.02,81.32,60.12,76.61,66.61,81.57
755,1755,2024-01-25,40.22,72.99,75.39,72.79,93.05,45.03,95.46,49.83,91.18
756,1756,2024-01-26,27.64,85.28,50.58,89.33,77.48,64.18,93.11,84.63,81.91
757,1757,2024-01-27,23.66,88.1,52.04,93.33,74.5,60.41,91.37,52.46,87.66
758,1758,2024-01-28,35.32,75.66,99.6,75.27,71.88,88.52,72.35,82.93,75.17
759,1759,2024-01-29,30.2,72.0,99.78,93.56,76.03,81.86,93.99,84.87,90.28
760,1760,2024-01-30,33.11,69.51,98.51,63.08,73.24,56.34,90.06,61.92,80.23
761,1761,2024-01-31,28.65,79.88,79.76,61.57,85.59,40.74,70.93,71.49,99.14
762,1762,2024-02-01,27.23,81.68,55.72,80.06,82.3,76.37,90.98,61.72,98.37
763,1763,2024-02-02,32.22,76.83,86.88,93.84,76.75,79.66,97.9,51.87,82.89
764,1764,2024-02-03,33.52,89.08,79.43,79.61,85.8,49.37,78.75,45.55,79.48
765,1765,2024-02-04,29.33,61.16,81.5,65.09,73.08,74.71,73.24,68.95,94.94
766,1766,2024-02-05,30.48,73.94,86.76,78.11,90.52,90.68,72.11,42.49,84.75
767,1767,2024-02-06,27.59,83.24,74.65,75.37,93.21,47.35,72.75,47.77,91.99
768,1768,2024-02-07,29.65,91.43,90.0,93.05,91.2,69.36,73.09,85.43,90.2
769,1769,2024-02-08,23.65,95.03,86.19,84.19,78.88,68.95,97.74,40.17,91.07
770,1770,2024-02-09,30.95,75.48,66.05,65.8,79.09,79.13,80.27,60.01,85.17
771,1771,2024-02-10,32.38,79.59,94.73,80.66,89.7,77.67,73.84,68.49,97.54
772,1772,2024-02-11,26.4,69.87,96.01,88.82,79.88,72.52,93.84,40.66,81.99
773,1773,2024-02-12,31.09,84.37,88.81,87.7,72.53,47.78,76.0,58.02,93.09
774,1774,2024-02-13,28.17,102.83,68.44,84.21,75.24,79.29,98.44,60.75,82.27
775,1775,2024-02-14,34.53,97.25,73.07,94.73,72.74,60.94,81.03,63.93,97.06
776,1776,2024-02-15,31.36,75.32,91.17,83.24,84.2,60.19,87.0,49.33,84.6
777,1777,2024-02-16,31.14,83.95,87.5,77.52,88.89,65.87,98.18,75.89,82.46
778,1778,2024-02-17,26.37,78.07,58.19,69.95,86.44,50.84,70.95,85.73,88.04
779,1779,2024-02-18,28.99,76.68,57.31,61.25,93.16,44.51,75.82,64.13,80.02
780,1780,2024-02-19,30.82,79.01,98.44,85.66,76.01,78.97,78.53,50.05,83.82
781,1781,2024-02-20,27.84,84.33,57.08,92.81,87.83,42.69,70.96,79.38,91.31
782,1782,2024-02-21,21.66,78.59,87.72,85.41,72.14,74.99,93.17,58.47,87.4
783,1783,2024-02-22,26.68,71.32,60.35,89.78,73.76,66.1,939.2,86.79,88.57
784,1784,2024-02-23,34.01,89.22,,93.93,88.69,56.25,84.11,61.71,96.15
785,1785,2024-02-24,27.68,87.95,76.57,71.96,80.25,78.34,83.76,42.42,95.96
786,1786,2024-02-25,24.51,77.67,53.29,93.07,88.0,50.65,84.25,60.68,83.14
787,1787,2024-02-26,28.26,82.14,74.4,87.79,78.94,69.81,93.52,48.97,87.72
788,1788,2024-02-27,32.64,83.13,87.23,70.0,93.91,46.48,73.75,40.38,96.22
789,1789,2024-02-28,32.57,90.9,77.34,75.46,84.43,79.22,79.54,53.09,87.88
790,1790,2024-02-29,25.31,65.67,57.74,64.7,71.98,91.34,85.62,87.64,76.29
791,1791,2024-03-01,35.05,80.29,68.28,76.74,71.89,63.69,87.25,44.16,80.05
792,1792,2024-03-02,27.13,89.44,60.2,74.62,81.66,59.63,80.32,73.59,88.18
793,1793,2024-03-03,31.59,78.79,71.65,82.13,84.33,94.19,96.57,47.26,93.76
794,1794,2024-03-04,24.98,63.57,67.29,67.77,75.48,63.57,92.92,67.32,86.1
795,1795,2024-03-05,28.43,89.47,76.77,98.36,76.61,47.4,72.53,79.59,80.79
796,1796,2024-03-06,30.77,75.55,,76.24,70.75,84.95,87.48,75.94,96.46
797,1797,2024-03-07,30.33,82.29,70.25,75.98,76.37,79.28,90.33,65.21,94.84
798,1798,2024-03-08,32.49,80.47,54.51,75.34,71.03,87.82,76.3,72.05,96.32
799,1799,2024-03-09,30.82,64.74,65.86,89.38,87.76,92.23,99.66,55.14,92.62
800,1800,2024-03-10,41.72,81.54,55.29,80.99,94.48,64.09,98.02,79.18,78.55
801,1801,2024-03-11,25.84,87.15,61.4,98.98,88.96,66.81,74.97,88.03,75.94
802,1802,2024-03-12,37.68,88.83,91.04,83.94,70.68,86.86,80.92,67.55,79.53
803,1803,2024-03-13,24.0,93.71,62.87,83.74,85.46,93.3,96.87,52.81,92.54
804,1804,2024-03-14,31.73,99.8,56.3,61.6,83.55,76.89,75.25,65.78,88.22
805,1805,2024-03-15,34.13,103.27,56.97,88.46,73.84,45.29,81.1,79.21,97.55
806,1806,2024-03-16,24.17,83.91,51.05,94.38,77.65,51.81,73.36,48.47,81.2
807,1807,2024-03-17,27.38,77.78,57.42,61.24,84.33,59.35,83.86,47.57,77.87
808,1808,2024-03-18,41.29,65.25,91.49,74.28,89.08,54.42,92.72,79.5,92.94
809,1809,2024-03-19,35.53,76.44,74.07,77.71,87.96,52.03,93.45,73.54,82.79
810,1810,2024-03-20,22.92,78.07,70.36,64.52,77.47,56.59,96.49,57.51,98.0
811,1811,2024-03-21,22.35,99.27,97.91,85.93,77.84,87.36,97.88,73.02,97.81
812,1812,2024-03-22,30.87,69.88,90.35,90.75,79.35,71.31,83.32,75.42,76.77
813,1813,2024-03-23,34.53,81.17,88.24,74.09,87.85,58.8,87.72,73.7,95.57
814,1814,2024-03-24,28.82,90.66,94.87,84.77,79.24,59.72,84.74,41.93,97.31
815,1815,2024-03-25,27.76,89.76,92.56,92.47,84.75,67.76,88.07,68.29,77.91
816,1816,2024-03-26,29.63,57.98,53.2,84.1,81.06,72.73,72.01,62.68,86.33
817,1817,2024-03-27,31.74,58.63,77.34,94.19,81.13,86.08,83.89,87.0,99.47
818,1818,2024-03-28,30.45,78.83,96.39,76.5,76.19,52.75,78.37,48.17,87.53
819,1819,2024-03-29,36.3,63.37,67.0,98.86,90.15,88.57,70.58,57.49,92.14
820,1820,2024-03-30,23.98,66.51,75.99,71.01,90.29,67.07,99.22,69.84,83.83
821,1821,2024-03-31,28.79,74.52,78.81,67.93,75.94,84.08,73.18,46.68,90.62
822,1822,2024-04-01,29.28,57.5,51.56,90.98,91.73,60.29,85.45,58.05,80.77
823,1823,2024-04-02,28.4,63.82,57.16,78.46,85.48,75.39,81.69,89.41,93.46
824,1824,2024-04-03,29.4,86.57,69.44,73.48,74.71,61.55,80.56,86.41,94.75
825,1825,2024-04-04,30.68,88.4,67.86,80.13,91.45,74.11,88.83,84.93,90.83
826,1826,2024-04-05,33.99,83.83,71.93,67.33,94.76,47.24,95.19,63.66,75.15
827,1827,2024-04-06,33.09,69.01,51.22,83.07,87.04,47.8,98.26,78.03,88.09
828,1828,2024-04-07,23.49,76.58,97.93,79.74,70.83,74.4,94.56,65.4,90.75
829,1829,2024-04-08,33.85,91.16,58.05,79.92,82.26,81.76,84.92,75.59,76.28
830,1830,2024-04-09,35.42,75.05,88.38,88.9,74.87,80.41,91.8,46.77,90.2
831,1831,2024-04-10,27.45,67.36,60.32,67.49,79.92,56.1,90.73,74.5,91.23
832,1832,2024-04-11,23.95,78.87,84.38,74.43,84.46,46.63,76.44,46.27,94.82
833,1833,2024-04-12,31.22,79.91,92.48,66.26,77.78,90.63,90.36,87.07,96.28
834,1834,2024-04-13,29.75,95.15,71.03,66.56,79.43,55.86,71.85,65.56,86.82
835,1835,2024-04-14,16.12,92.54,87.33,78.41,80.42,57.42,88.36,49.64,90.94
836,1836,2024-04-15,32.04,86.62,92.69,81.2,79.35,89.92,86.36,56.96,77.39
837,1837,2024-04-16,32.62,71.82,60.75,80.48,87.23,85.24,90.36,43.37,99.31
838,1838,2024-04-17,31.44,80.72,86.21,94.76,94.48,77.08,81.48,44.02,87.69
839,1839,2024-04-18,30.01,88.4,58.81,83.59,93.01,83.38,88.68,52.47,85.29
840,1840,2024-04-19,27.49,66.88,60.06,91.64,77.53,56.55,99.87,44.61,88.99
841,1841,2024-04-20,42.63,90.02,51.14,75.3,81.94,83.92,80.05,56.39,76.45
842,1842,2024-04-21,29.41,74.27,99.86,64.19,72.54,43.11,72.87,60.07,95.26
843,1843,2024-04-22,36.49,79.64,92.5,86.35,72.74,62.24,70.26,54.65,98.04
844,1844,2024-04-23,26.92,71.8,83.32,93.53,75.82,91.59,95.89,52.49,94.43
845,1845,2024-04-24,32.51,75.39,87.24,85.97,76.53,55.48,70.73,47.31,86.81
846,1846,2024-04-25,21.44,75.01,95.62,61.93,87.17,65.29,95.64,61.37,97.13
847,1847,2024-04-26,26.88,89.75,68.48,71.36,92.85,92.7,98.37,53.71,88.58
848,1848,2024-04-27,30.18,68.86,53.07,67.07,86.67,43.61,94.92,73.73,82.71
849,1849,2024-04-28,32.92,66.25,75.79,63.49,83.29,41.57,74.76,75.98,81.27
850,1850,2024-04-29,21.47,77.35,79.37,64.29,85.05,84.11,86.01,43.45,99.06
851,1851,2024-04-30,28.16,85.63,76.75,97.47,84.43,88.0,80.41,55.88,79.93
852,1852,2024-05-01,33.26,77.26,79.98,95.97,70.51,82.61,94.19,69.11,91.45
853,1853,2024-05-02,29.0,82.19,,79.96,71.61,45.56,90.05,50.13,79.83
854,1854,2024-05-03,35.26,83.69,67.87,78.52,92.54,90.93,80.5,64.72,86.01
855,1855,2024-05-04,31.82,58.3,96.09,72.35,72.82,71.41,82.7,54.43,96.97
856,1856,2024-05-05,24.09,101.67,56.33,95.93,70.88,80.41,72.31,88.75,87.98
857,1857,2024-05-06,35.8,60.34,93.89,95.71,85.84,46.68,77.47,63.67,86.71
858,1858,2024-05-07,23.48,96.37,68.5,91.26,84.49,87.57,82.58,89.76,84.57
859,1859,2024-05-08,33.07,93.32,59.72,77.12,91.49,63.34,84.18,89.14,93.38
860,1860,2024-05-09,21.8,75.6,89.36,71.19,78.96,79.42,73.88,81.45,99.51
861,1861,2024-05-10,31.26,86.52,88.96,91.15,73.68,59.49,75.33,65.09,93.25
862,1862,2024-05-11,22.09,87.61,94.78,84.69,93.69,87.67,88.85,81.57,99.21
863,1863,2024-05-12,35.19,86.36,65.38,95.0,85.88,58.55,99.59,70.83,81.71
864,1864,2024-05-13,29.82,88.21,79.31,97.3,75.53,44.86,99.89,43.85,80.94
865,1865,2024-05-14,31.31,87.84,76.1,87.61,91.28,52.18,92.24,79.69,94.44
866,1866,2024-05-15,29.3,72.41,53.99,91.63,83.94,44.03,90.13,63.37,99.32
867,1867,2024-05-16,26.7,77.44,65.83,81.8,74.52,79.23,98.36,43.0,86.12
868,1868,2024-05-17,27.37,70.42,89.65,64.54,70.96,66.33,78.6,57.51,77.44
869,1869,2024-05-18,30.83,54.34,58.3,94.79,94.62,68.12,75.78,86.2,92.85
870,1870,2024-05-19,33.84,63.09,89.11,81.07,86.16,43.7,96.43,80.73,91.62
871,1871,2024-05-20,28.05,82.45,61.45,95.6,77.21,91.29,96.33,66.26,82.74
872,1872,2024-05-21,27.88,57.79,91.78,98.81,84.26,53.88,70.33,65.43,80.3
873,1873,2024-05-22,28.36,72.43,69.93,99.57,73.38,72.46,86.93,86.37,80.91
874,1874,2024-05-23,31.23,94.64,55.77,80.73,94.61,56.47,74.35,77.47,83.49
875,1875,2024-05-24,42.88,92.83,87.96,62.24,93.92,44.67,75.37,45.71,92.3
876,1876,2024-05-25,28.64,75.08,93.1,99.05,91.52,60.92,76.49,56.88,81.23
877,1877,2024-05-26,38.74,72.58,87.1,65.33,81.9,50.24,87.02,40.31,75.51
878,1878,2024-05-27,34.88,60.39,73.34,70.62,93.73,54.0,76.15,50.92,75.23
879,1879,2024-05-28,23.81,80.04,91.31,96.68,89.77,42.06,90.03,85.38,91.77
880,1880,2024-05-29,33.74,61.86,82.7,84.49,84.17,40.56,75.72,46.62,77.55
881,1881,2024-05-30,41.12,78.53,80.41,62.16,78.78,49.38,93.04,63.04,99.37
882,1882,2024-05-31,26.36,91.88,90.09,84.58,87.97,58.83,95.24,54.96,88.6
883,1883,2024-06-01,24.62,66.29,,62.25,72.04,80.7,92.34,45.31,88.49
884,1884,2024-06-02,40.79,64.11,68.74,93.71,85.64,68.33,95.7,61.96,92.15
885,1885,2024-06-03,37.86,63.02,70.36,64.3,93.79,45.5,71.25,59.14,92.17
886,1886,2024-06-04,26.55,95.49,74.48,99.03,88.73,62.23,76.96,58.68,79.48
887,1887,2024-06-05,25.82,78.65,71.01,97.34,75.53,73.34,84.47,80.56,90.5
888,1888,2024-06-06,33.69,86.02,98.29,69.63,72.54,89.41,96.71,75.78,99.65
889,1889,2024-06-07,41.01,96.5,95.71,62.56,78.1,43.9,98.95,46.11,92.62
890,1890,2024-06-08,34.07,76.0,80.92,62.73,74.42,42.67,80.61,76.19,98.24
891,1891,2024-06-09,27.6,77.69,60.24,93.22,94.5,55.9,75.97,66.78,80.23
892,1892,2024-06-10,29.21,86.37,69.68,84.29,74.3,53.93,92.01,48.89,78.65
893,1893,2024-06-11,34.52,87.07,80.16,68.01,74.24,50.42,76.24,83.41,86.11
894,1894,2024-06-12,33.92,88.18,94.91,99.85,93.8,44.13,99.86,88.93,93.66
895,1895,2024-06-13,25.59,87.7,97.3,95.79,92.57,69.15,80.85,75.2,75.88
896,1896,2024-06-14,34.53,85.12,89.28,90.28,79.69,42.45,99.8,44.83,97.14
897,1897,2024-06-15,35.97,70.83,86.74,64.51,81.01,92.72,88.01,40.61,90.96
898,1898,2024-06-16,30.67,81.28,75.12,96.02,87.97,46.59,82.88,56.98,86.2
899,1899,2024-06-17,25.61,74.25,75.43,69.74,80.0,61.07,99.96,61.53,82.61
900,1900,2024-06-18,28.52,71.62,70.67,67.37,87.65,62.94,83.39,44.48,93.15
901,1901,2024-06-19,39.79,74.68,54.32,83.06,79.5,60.66,83.97,80.6,83.09
902,1902,2024-06-20,26.46,91.68,98.4,75.38,86.77,49.47,84.85,57.69,77.11
903,1903,2024-06-21,26.93,78.51,94.37,83.99,90.44,58.51,71.6,88.41,99.03
904,1904,2024-06-22,31.13,82.04,52.92,78.76,92.39,64.03,97.92,65.46,83.38
905,1905,2024-06-23,34.0,72.35,79.92,78.51,71.54,82.82,89.83,70.86,75.98
906,1906,2024-06-24,30.05,79.12,81.59,60.1,92.14,70.48,86.97,83.63,88.18
907,1907,2024-06-25,33.3,83.11,68.77,91.35,76.91,87.47,86.56,58.47,94.79
908,1908,2024-06-26,34.03,80.23,70.71,84.12,93.08,73.58,96.5,67.28,81.45
909,1909,2024-06-27,34.38,83.14,50.08,91.03,83.47,76.13,86.49,85.15,84.19
910,1910,2024-06-28,25.3,72.87,68.49,91.08,85.83,51.32,82.85,42.74,90.83
911,1911,2024-06-29,29.78,73.92,74.92,60.95,76.56,91.29,87.47,79.34,77.94
912,1912,2024-06-30,24.9,73.39,86.01,92.42,90.16,91.11,72.72,56.54,80.85
913,1913,2024-07-01,23.57,84.92,56.57,91.05,82.56,88.29,96.11,50.81,87.31
914,1914,2024-07-02,26.09,74.39,92.22,81.17,80.31,84.36,71.65,48.01,79.38
915,1915,2024-07-03,28.54,92.26,65.65,76.27,74.83,89.8,82.4,63.27,75.67
916,1916,2024-07-04,29.23,87.0,90.56,64.76,80.21,84.57,73.69,74.85,99.06
917,1917,2024-07-05,24.26,83.65,65.64,62.32,92.98,58.44,86.45,84.31,85.93
918,1918,2024-07-06,34.09,105.74,79.11,64.01,91.42,41.42,82.61,49.77,87.56
919,1919,2024-07-07,31.73,82.58,81.35,63.46,85.05,82.7,88.79,83.33,75.66
920,1920,2024-07-08,34.04,73.98,,69.04,92.24,57.37,74.12,60.31,94.91
921,1921,2024-07-09,31.38,94.4,99.52,67.03,86.66,48.36,95.01,66.4,89.75
922,1922,2024-07-10,24.65,95.16,59.08,68.42,73.87,83.88,80.92,81.63,92.21
923,1923,2024-07-11,27.93,69.21,51.17,94.65,79.77,46.97,98.68,62.52,90.37
924,1924,2024-07-12,40.18,77.91,54.74,77.49,79.15,41.33,70.47,45.73,75.34
925,1925,2024-07-13,26.89,68.94,75.53,72.09,81.83,42.92,98.92,64.58,99.32
926,1926,2024-07-14,23.88,74.43,81.91,85.5,84.62,43.59,99.54,86.9,88.26
927,1927,2024-07-15,33.97,72.96,97.15,92.15,87.39,45.67,82.07,82.68,88.13
928,1928,2024-07-16,28.33,90.24,61.88,88.34,72.95,62.43,97.75,85.88,85.34
929,1929,2024-07-17,30.89,65.27,78.43,92.29,77.61,84.5,99.58,50.52,89.05
930,1930,2024-07-18,34.6,72.74,96.12,69.84,72.36,61.19,71.37,42.94,75.17
931,1931,2024-07-19,24.02,66.04,67.44,75.35,83.23,64.74,72.75,66.56,75.45
932,1932,2024-07-20,28.02,96.75,93.12,89.33,72.09,56.41,82.36,82.45,88.03
933,1933,2024-07-21,31.3,74.15,71.94,87.69,70.89,89.71,75.6,68.78,75.1
934,1934,2024-07-22,28.24,82.9,93.23,73.27,91.3,46.46,81.09,62.4,93.85
935,1935,2024-07-23,29.96,72.4,56.23,94.17,78.46,83.86,81.79,78.92,99.81
936,1936,2024-07-24,33.9,90.39,73.94,90.15,87.72,82.79,86.59,80.59,92.56
937,1937,2024-07-25,36.94,82.84,85.84,98.84,82.34,61.48,74.68,75.96,81.74
938,1938,2024-07-26,36.02,76.08,,67.71,81.92,89.12,80.74,81.64,92.6
939,1939,2024-07-27,21.43,98.04,53.55,76.69,83.44,74.22,77.82,47.83,84.66
940,1940,2024-07-28,27.79,53.18,52.87,69.72,90.73,49.66,87.97,63.06,77.09
941,1941,2024-07-29,32.29,68.3,,77.34,87.64,69.26,96.35,74.49,91.17
942,1942,2024-07-30,38.63,74.0,54.42,85.58,70.68,50.62,92.96,59.74,79.71
943,1943,2024-07-31,30.24,66.05,74.75,62.61,74.93,84.11,82.14,50.26,83.37
944,1944,2024-08-01,24.08,73.97,,66.87,89.21,48.46,78.72,89.0,87.15
945,1945,2024-08-02,38.48,71.11,65.14,75.2,73.48,92.7,94.28,49.56,89.09
946,1946,2024-08-03,32.13,84.49,95.59,75.62,75.58,68.89,80.77,55.46,75.24
947,1947,2024-08-04,26.1,94.57,72.98,76.94,92.84,69.58,81.91,82.86,81.27
948,1948,2024-08-05,32.97,95.69,87.94,79.96,80.63,42.62,70.75,64.41,81.5
949,1949,2024-08-06,36.31,82.5,52.66,81.6,93.79,89.17,94.18,60.3,90.74
950,1950,2024-08-07,16.65,83.53,82.29,75.64,79.49,58.24,76.39,52.47,89.2
951,1951,2024-08-08,33.7,92.94,98.9,64.6,70.85,60.51,97.83,57.61,76.7
952,1952,2024-08-09,33.23,88.85,57.39,90.47,83.2,43.17,85.44,68.85,88.55
953,1953,2024-08-10,27.36,74.09,67.36,63.57,92.27,51.32,94.86,44.01,75.18
954,1954,2024-08-11,28.31,80.3,90.24,70.36,73.42,86.09,99.38,87.39,85.59
955,1955,2024-08-12,40.28,80.44,75.18,91.91,78.3,45.38,861.5999999999999,62.44,90.74
956,1956,2024-08-13,21.14,94.92,91.94,71.35,77.02,53.76,97.44,46.75,77.53
957,1957,2024-08-14,31.11,73.0,53.63,84.27,93.11,91.24,74.78,84.01,85.9
958,1958,2024-08-15,36.89,72.02,62.85,64.58,74.81,55.32,75.11,82.08,81.76
959,1959,2024-08-16,25.45,68.77,98.37,78.86,75.3,59.72,74.07,68.26,82.3
960,1960,2024-08-17,44.98,67.46,94.43,93.42,86.06,91.97,87.56,64.2,75.63
961,1961,2024-08-18,24.95,74.05,89.16,87.52,72.3,91.88,74.69,79.56,84.1
962,1962,2024-08-19,26.93,83.33,93.58,63.94,87.05,69.1,75.01,44.57,98.03
963,1963,2024-08-20,31.14,81.65,79.48,64.81,87.15,59.77,80.11,41.76,81.93
964,1964,2024-08-21,25.86,68.43,95.28,96.04,91.44,72.07,94.72,58.29,76.57
965,1965,2024-08-22,29.67,94.89,75.92,89.5,76.53,57.6,78.09,78.63,83.74
966,1966,2024-08-23,29.88,88.9,81.82,71.63,79.59,68.51,88.28,41.24,87.02
967,1967,2024-08-24,31.35,87.23,63.59,69.57,91.06,80.53,72.29,49.15,94.16
968,1968,2024-08-25,27.6,82.18,64.65,64.08,87.51,94.52,81.86,67.36,90.58
969,1969,2024-08-26,26.22,64.17,73.41,64.14,92.72,69.05,91.14,86.23,87.01
970,1970,2024-08-27,29.55,76.01,65.37,64.17,85.12,86.64,87.9,87.89,97.01
971,1971,2024-08-28,29.29,83.16,76.03,65.2,93.92,58.9,94.86,77.24,95.65
972,1972,2024-08-29,31.11,92.38,83.89,93.5,86.57,79.6,89.77,87.81,94.98
973,1973,2024-08-30,33.09,70.0,61.86,90.41,93.58,57.27,92.03,83.22,89.48
974,1974,2024-08-31,27.0,78.76,79.0,76.07,86.33,55.3,87.76,81.53,80.31
975,1975,2024-09-01,26.36,77.13,94.04,84.5,88.08,47.63,99.91,44.71,93.11
976,1976,2024-09-02,23.28,83.02,55.03,68.25,84.94,47.21,81.37,58.46,93.5
977,1977,2024-09-03,27.74,99.07,89.7,81.22,78.07,59.71,85.68,83.08,77.59
978,1978,2024-09-04,37.89,96.19,65.16,86.03,89.16,51.14,84.55,64.2,89.57
979,1979,2024-09-05,26.59,89.2,77.8,96.43,91.6,60.16,89.07,50.4,87.63
980,1980,2024-09-06,28.71,90.33,53.07,82.57,89.87,77.0,71.25,56.57,93.85
981,1981,2024-09-07,30.41,71.77,80.42,64.53,90.31,64.84,79.12,73.06,84.19
982,1982,2024-09-08,25.88,74.49,,70.59,87.61,46.32,85.07,81.06,93.2
983,1983,2024-09-09,27.88,100.0,86.5,67.79,71.01,76.36,78.36,44.49,87.13
984,1984,2024-09-10,33.2,65.59,90.7,73.39,75.22,81.87,98.54,70.24,85.92
985,1985,2024-09-11,27.08,91.62,65.25,72.4,71.53,41.58,80.93,84.7,88.93
986,1986,2024-09-12,31.8,74.15,88.95,76.88,88.86,86.04,790.8,81.95,95.23
987,1987,2024-09-13,32.71,73.91,98.5,97.19,74.68,41.15,80.21,46.33,76.07
988,1988,2024-09-14,23.73,86.8,69.85,83.97,83.68,60.68,93.81,50.12,89.56
989,1989,2024-09-15,28.96,62.34,72.76,88.54,72.1,73.79,77.83,68.74,87.48
990,1990,2024-09-16,28.25,73.39,53.88,82.49,91.47,79.92,74.09,78.03,83.31
991,1991,2024-09-17,28.3,69.59,84.07,63.66,88.16,49.56,80.14,51.7,83.89
992,1992,2024-09-18,30.06,82.26,80.55,83.88,81.14,44.69,99.11,68.82,98.17
993,1993,2024-09-19,27.56,79.78,,86.05,78.96,63.14,74.96,41.46,82.24
994,1994,2024-09-20,31.55,84.13,77.39,83.17,86.34,89.21,78.19,61.52,88.57
995,1995,2024-09-21,33.62,81.29,68.1,64.43,87.92,56.26,75.03,75.23,97.95
996,1996,2024-09-22,33.24,79.88,68.1,84.9,89.09,56.61,73.16,74.54,97.33
997,1997,2024-09-23,33.24,89.14,98.99,79.53,94.87,62.09,82.39,70.73,79.52
998,1998,2024-09-24,25.9,90.86,68.76,80.94,83.3,41.59,70.54,47.12,91.05
999,1999,2024-09-25,30.86,63.32,63.88,84.18,84.97,69.1,74.7,65.65,82.67
1000,2000,2024-09-26,30.76,68.79,87.1,78.08,71.69,94.69,82.01,57.27,97.55
609,1609,2023-09-01,29.57,73.97,62.79,92.0,72.0,91.74,87.72,62.9,99.47
354,1354,2022-12-20,21.13,79.69,87.65,68.21,71.66,77.41,73.42,71.42,85.99
51,1051,2022-02-20,22.85,74.68,62.61,91.27,83.74,52.89,70.66,54.09,88.79
845,1845,2024-04-24,32.51,75.39,87.24,85.97,76.53,55.48,70.73,47.31,86.81
195,1195,2022-07-14,34.07,78.89,50.18,75.55,94.76,48.83,97.39,68.09,98.4
827,1827,2024-04-06,33.09,69.01,51.22,83.07,87.04,47.8,98.26,78.03,88.09
735,1735,2024-01-05,31.34,88.1,54.01,73.12,82.32,46.99,98.49,46.05,83.57
860,1860,2024-05-09,21.8,75.6,89.36,71.19,78.96,79.42,73.88,81.45,99.51
188,1188,2022-07-07,19.19,63.59,59.54,83.82,86.07,80.69,94.69,78.46,97.64
712,1712,2023-12-13,27.82,87.39,87.62,98.43,71.09,54.43,84.25,46.79,98.78
