AssociateID,HireDate,TerminationDate,PerformanceDate,PerformanceRating
1001,2022-11-04,2023-06-09,2022-11-30,3.99
1001,2022-11-04,2023-06-09,2023-05-31,4.26
1003,2022-09-20,2024-03-09,2022-09-30,3.89
1003,2022-09-20,2024-03-09,2023-03-31,4.24
1003,2022-09-20,2024-03-09,2023-09-30,3.81
1007,2022-04-24,2022-10-26,2022-04-30,3.98
1010,2022-09-12,2024-02-16,2022-09-30,4.38
1010,2022-09-12,2024-02-16,2023-03-31,4.4
1010,2022-09-12,2024-02-16,2023-09-30,4.66
1011,2022-08-13,2023-11-02,2022-08-31,4.68
1011,2022-08-13,2023-11-02,2023-02-28,4.17
1011,2022-08-13,2023-11-02,2023-08-31,4.13
1012,2022-10-10,2024-08-25,2022-10-31,4.48
1012,2022-10-10,2024-08-25,2023-04-30,3.86
1012,2022-10-10,2024-08-25,2023-10-31,3.86
1012,2022-10-10,2024-08-25,2024-04-30,3.64
1015,2022-05-25,2023-06-26,2022-05-31,4.28
1015,2022-05-25,2023-06-26,2022-11-30,3.72
1015,2022-05-25,2023-06-26,2023-05-31,3.57
1016,2022-11-06,2024-08-06,2022-11-30,3.92
1016,2022-11-06,2024-08-06,2023-05-31,4.48
1016,2022-11-06,2024-08-06,2023-11-30,4.23
1016,2022-11-06,2024-08-06,2024-05-31,4.27
1017,2022-05-07,2023-09-05,2022-05-31,4.24
1017,2022-05-07,2023-09-05,2022-11-30,4.42
1017,2022-05-07,2023-09-05,2023-05-31,4.75
1021,2022-11-23,2024-08-27,2022-11-30,4.34
1021,2022-11-23,2024-08-27,2023-05-31,4.65
1021,2022-11-23,2024-08-27,2023-11-30,4.21
1021,2022-11-23,2024-08-27,2024-05-31,4.46
1022,2022-11-18,2023-11-20,2022-11-30,4.62
1022,2022-11-18,2023-11-20,2023-05-31,4.2
1024,2022-10-15,2024-06-08,2022-10-31,4.59
1024,2022-10-15,2024-06-08,2023-04-30,4.76
1024,2022-10-15,2024-06-08,2023-10-31,3.99
1024,2022-10-15,2024-06-08,2024-04-30,4.37
1026,2022-02-28,2024-01-13,2022-02-28,3.12
1026,2022-02-28,2024-01-13,2022-08-31,3.95
1026,2022-02-28,2024-01-13,2023-02-28,3.96
1026,2022-02-28,2024-01-13,2023-08-31,3.8
1027,2022-07-20,2024-02-29,2022-07-31,3.86
1027,2022-07-20,,2023-01-31,4.2
1027,2022-07-20,2024-02-29,2023-07-31,4.51
1027,2022-07-20,2024-02-29,2024-01-31,4.04
1028,2022-05-21,2023-08-19,2022-05-31,3.96
1028,2022-05-21,2023-08-19,2022-11-30,4.13
1028,2022-05-21,2023-08-19,2023-05-31,4.12
1030,2022-03-06,2023-09-26,2022-03-31,3.37
1030,2022-03-06,2023-09-26,2022-09-30,4.71
1030,2022-03-06,2023-09-26,2023-03-31,3.98
1031,2022-01-23,2023-03-23,2022-01-31,4.14
1031,2022-01-23,2023-03-23,2022-07-31,3.74
1031,2022-01-23,2023-03-23,2023-01-31,4.23
1032,2022-11-08,2024-01-14,2022-11-30,3.94
1032,2022-11-08,2024-01-14,2023-05-31,4.83
1032,2022-11-08,2024-01-14,2023-11-30,4.33
1034,2022-01-22,2023-05-16,2022-01-31,4.84
1034,2022-01-22,2023-05-16,2022-07-31,4.52
1034,2022-01-22,2023-05-16,2023-01-31,4.7
1035,2022-03-15,2024-01-23,2022-03-31,4.36
1035,2022-03-15,2024-01-23,2022-09-30,4.55
1035,2022-03-15,2024-01-23,2023-03-31,4.22
1035,2022-03-15,2024-01-23,2023-09-30,4.79
1036,2022-03-17,2023-07-10,2022-03-31,4.38
1036,2022-03-17,2023-07-10,2022-09-30,3.63
1036,2022-03-17,2023-07-10,2023-03-31,3.82
1037,2022-06-15,2023-07-21,2022-06-30,4.53
1037,2022-06-15,2023-07-21,2022-12-31,4.65
1037,2022-06-15,2023-07-21,2023-06-30,4.03
1038,2022-01-24,2023-07-04,2022-01-31,4.31
1038,2022-01-24,2023-07-04,2022-07-31,4.09
1038,2022-01-24,2023-07-04,2023-01-31,4.44
1040,2022-04-06,2023-12-30,2022-04-30,3.69
1040,2022-04-06,2023-12-30,2022-10-31,3.49
1040,2022-04-06,2023-12-30,2023-04-30,4.14
1040,2022-04-06,2023-12-30,2023-10-31,4.39
1042,2022-04-10,2023-02-09,2022-04-30,4.8
1042,2022-04-10,2023-02-09,2022-10-31,4.3
1044,2023-01-05,2024-03-13,2023-01-31,4.31
1044,2023-01-05,2024-03-13,2023-07-31,4.36
1044,2023-01-05,2024-03-13,2024-01-31,4.53
1045,2022-02-08,2023-03-14,2022-02-28,4.65
1045,2022-02-08,2023-03-14,2022-08-31,4.61
1045,2022-02-08,2023-03-14,2023-02-28,4.27
1046,2022-08-31,2023-05-22,2022-08-31,4.39
1046,2022-08-31,2023-05-22,2023-02-28,4.33
1047,2022-09-20,,2022-09-30,4.8
1047,2022-09-20,2023-08-31,2023-03-31,4.01
1048,2022-04-19,2023-04-11,2022-04-30,4.25
1048,2022-04-19,2023-04-11,2022-10-31,3.89
1052,2022-11-24,2023-07-03,2022-11-30,5.0
1052,2022-11-24,2023-07-03,2023-05-31,4.86
1053,2022-04-02,2022-10-20,2022-04-30,3.77
1055,2022-03-02,2022-09-14,2022-03-31,4.49
1056,2022-04-09,2023-12-09,2022-04-30,4.2
1056,2022-04-09,2023-12-09,2022-10-31,3.61
1056,2022-04-09,2023-12-09,2023-04-30,3.97
1056,2022-04-09,2023-12-09,2023-10-31,3.72
1058,2022-08-10,2023-06-06,2022-08-31,3.99
1058,2022-08-10,2023-06-06,2023-02-28,4.09
1061,2022-01-26,2022-09-30,2022-01-31,4.03
1061,2022-01-26,2022-09-30,2022-07-31,4.23
1062,2022-04-22,2023-01-08,2022-04-30,4.29
1062,2022-04-22,2023-01-08,2022-10-31,4.59
1063,2022-01-27,2023-04-17,2022-01-31,4.14
1063,2022-01-27,2023-04-17,2022-07-31,4.3
1063,2022-01-27,,2023-01-31,3.83
1064,2023-01-05,2023-11-20,2023-01-31,4.71
1064,2023-01-05,2023-11-20,2023-07-31,4.59
1066,2022-10-05,2023-05-25,2022-10-31,4.46
1066,2022-10-05,2023-05-25,2023-04-30,4.62
1070,2022-09-13,2023-05-14,2022-09-30,3.5
1070,2022-09-13,2023-05-14,2023-03-31,4.72
1071,2022-11-09,2024-03-20,2022-11-30,4.46
1071,2022-11-09,2024-03-20,2023-05-31,4.13
1071,2022-11-09,2024-03-20,2023-11-30,4.3
1072,2022-07-27,2023-09-03,2022-07-31,3.72
1072,2022-07-27,2023-09-03,2023-01-31,4.02
1072,2022-07-27,2023-09-03,2023-07-31,3.75
1073,2022-08-03,2024-06-04,2022-08-31,4.07
1073,2022-08-03,2024-06-04,2023-02-28,4.82
1073,2022-08-03,2024-06-04,2023-08-31,4.81
1073,2022-08-03,2024-06-04,2024-02-29,5.0
1074,2022-08-24,2024-01-26,2022-08-31,4.55
1074,2022-08-24,2024-01-26,2023-02-28,4.42
1074,2022-08-24,2024-01-26,2023-08-31,3.97
1075,2022-10-28,2024-05-02,2022-10-31,4.4
1075,2022-10-28,2024-05-02,2023-04-30,4.39
1075,2022-10-28,2024-05-02,2023-10-31,4.4
1075,2022-10-28,2024-05-02,2024-04-30,4.29
1076,2023-01-05,2024-03-05,2023-01-31,4.52
1076,2023-01-05,2024-03-05,2023-07-31,44.0
1076,2023-01-05,2024-03-05,2024-01-31,4.47
1078,2022-01-16,2022-09-01,2022-01-31,4.29
1078,2022-01-16,2022-09-01,2022-07-31,4.49
1079,2022-02-09,2023-08-06,2022-02-28,4.06
1079,2022-02-09,2023-08-06,2022-08-31,3.96
1079,2022-02-09,2023-08-06,2023-02-28,4.15
1080,2022-08-23,2024-07-06,2022-08-31,4.05
1080,2022-08-23,2024-07-06,2023-02-28,4.15
1080,2022-08-23,2024-07-06,2023-08-31,4.4
1080,2022-08-23,,2024-02-29,4.15
1081,2022-06-28,2024-03-12,2022-06-30,4.12
1081,2022-06-28,2024-03-12,2022-12-31,3.43
1081,2022-06-28,2024-03-12,2023-06-30,4.27
1081,2022-06-28,2024-03-12,2023-12-31,3.58
1082,2022-12-18,2023-08-09,2022-12-31,3.57
1082,2022-12-18,2023-08-09,2023-06-30,3.95
1083,2022-01-28,2022-11-26,2022-01-31,3.91
1083,2022-01-28,2022-11-26,2022-07-31,4.29
1084,2022-10-20,2023-07-30,2022-10-31,3.99
1084,2022-10-20,2023-07-30,2023-04-30,4.15
1086,2022-10-02,2024-09-11,2022-10-31,4.27
1086,2022-10-02,2024-09-11,2023-04-30,3.95
1086,2022-10-02,2024-09-11,2023-10-31,4.53
1086,2022-10-02,2024-09-11,2024-04-30,4.31
1087,2022-07-15,2023-11-21,2022-07-31,3.58
1087,2022-07-15,2023-11-21,2023-01-31,3.68
1087,2022-07-15,2023-11-21,2023-07-31,4.13
1091,2022-12-05,2023-11-05,2022-12-31,3.72
1091,2022-12-05,2023-11-05,2023-06-30,3.64
1094,2022-02-06,2023-09-05,2022-02-28,5.0
1094,2022-02-06,2023-09-05,2022-08-31,4.5
1094,2022-02-06,2023-09-05,2023-02-28,4.01
1094,2022-02-06,2023-09-05,2023-08-31,4.25
1097,2022-09-04,2024-06-28,2022-09-30,3.93
1097,2022-09-04,2024-06-28,2023-03-31,4.2
1097,2022-09-04,2024-06-28,2023-09-30,5.0
1097,2022-09-04,2024-06-28,2024-03-31,4.74
1099,2022-04-02,2023-09-26,2022-04-30,5.0
1099,2022-04-02,2023-09-26,2022-10-31,4.39
1099,2022-04-02,2023-09-26,2023-04-30,4.15
1100,2022-10-22,2024-05-18,2022-10-31,4.88
1100,2022-10-22,2024-05-18,2023-04-30,4.44
1100,2022-10-22,2024-05-18,2023-10-31,4.26
1100,2022-10-22,2024-05-18,2024-04-30,4.14
1101,2022-02-27,2022-10-29,2022-02-28,3.6
1101,2022-02-27,2022-10-29,2022-08-31,3.7
1103,2022-05-21,2024-03-20,2022-05-31,4.65
1103,2022-05-21,2024-03-20,2022-11-30,5.0
1103,2022-05-21,,2023-05-31,4.56
1103,2022-05-21,2024-03-20,2023-11-30,4.36
1105,2022-01-22,2023-12-07,2022-01-31,4.23
1105,2022-01-22,2023-12-07,2022-07-31,4.78
1105,2022-01-22,,2023-01-31,4.13
1105,2022-01-22,2023-12-07,2023-07-31,4.02
1106,2022-08-24,2023-05-06,2022-08-31,4.33
1106,2022-08-24,2023-05-06,2023-02-28,4.55
1107,2022-05-06,2024-03-21,2022-05-31,4.5
1107,2022-05-06,2024-03-21,2022-11-30,3.98
1107,2022-05-06,2024-03-21,2023-05-31,3.73
1107,2022-05-06,2024-03-21,2023-11-30,4.16
1109,2022-02-02,2022-10-29,2022-02-28,3.92
1109,2022-02-02,,2022-08-31,4.32
1110,2022-11-15,2024-07-14,2022-11-30,4.37
1110,2022-11-15,2024-07-14,2023-05-31,4.11
1110,2022-11-15,2024-07-14,2023-11-30,4.93
1110,2022-11-15,2024-07-14,2024-05-31,4.04
1113,2023-01-02,2023-08-29,2023-01-31,3.71
1113,2023-01-02,2023-08-29,2023-07-31,4.19
1115,2022-04-22,2023-10-21,2022-04-30,4.1
1115,2022-04-22,2023-10-21,2022-10-31,4.09
1115,2022-04-22,2023-10-21,2023-04-30,4.09
1116,2022-01-22,2022-11-22,2022-01-31,4.2
1116,2022-01-22,2022-11-22,2022-07-31,3.98
1119,2022-10-14,2023-10-04,2022-10-31,3.73
1119,2022-10-14,2023-10-04,2023-04-30,4.55
1120,2022-07-19,2023-10-03,2022-07-31,4.35
1120,2022-07-19,2023-10-03,2023-01-31,4.36
1120,2022-07-19,2023-10-03,2023-07-31,4.22
1121,2022-08-16,2024-05-06,2022-08-31,4.27
1121,2022-08-16,2024-05-06,2023-02-28,4.34
1121,2022-08-16,2024-05-06,2023-08-31,3.73
1121,2022-08-16,2024-05-06,2024-02-29,3.82
1125,2022-12-12,2024-04-03,2022-12-31,3.71
1125,2022-12-12,2024-04-03,2023-06-30,3.99
1125,2022-12-12,2024-04-03,2023-12-31,3.95
1126,2022-05-14,2023-12-07,2022-05-31,4.37
1126,2022-05-14,2023-12-07,2022-11-30,4.57
1126,2022-05-14,2023-12-07,2023-05-31,4.29
1126,2022-05-14,2023-12-07,2023-11-30,3.74
1127,2022-01-23,2023-11-08,2022-01-31,4.18
1127,2022-01-23,2023-11-08,2022-07-31,4.0
1127,2022-01-23,2023-11-08,2023-01-31,3.71
1127,2022-01-23,2023-11-08,2023-07-31,4.49
1129,2022-04-30,2023-12-19,2022-04-30,4.3
1129,2022-04-30,2023-12-19,2022-10-31,4.08
1129,2022-04-30,2023-12-19,2023-04-30,3.6
1129,2022-04-30,2023-12-19,2023-10-31,4.24
1131,2022-09-04,2024-05-06,2022-09-30,4.42
1131,2022-09-04,2024-05-06,2023-03-31,4.16
1131,2022-09-04,2024-05-06,2023-09-30,4.18
1131,2022-09-04,2024-05-06,2024-03-31,4.52
1132,2022-03-11,2022-09-28,2022-03-31,4.06
1134,2022-05-21,2023-09-04,2022-05-31,4.76
1134,2022-05-21,2023-09-04,2022-11-30,4.51
1134,2022-05-21,2023-09-04,2023-05-31,4.08
1137,2022-04-15,2023-09-03,2022-04-30,4.46
1137,2022-04-15,2023-09-03,2022-10-31,4.22
1137,2022-04-15,2023-09-03,2023-04-30,3.13
1138,2022-03-24,2023-11-28,2022-03-31,3.73
1138,2022-03-24,2023-11-28,2022-09-30,4.48
1138,2022-03-24,2023-11-28,2023-03-31,3.85
1138,2022-03-24,2023-11-28,2023-09-30,4.1
1140,2022-03-02,2023-08-08,2022-03-31,3.93
1140,2022-03-02,2023-08-08,2022-09-30,4.35
1140,2022-03-02,2023-08-08,2023-03-31,4.16
1142,2022-05-07,,2022-05-31,3.56
1142,2022-05-07,2023-09-20,2022-11-30,4.29
1142,2022-05-07,2023-09-20,2023-05-31,4.47
1143,2022-05-19,2023-12-02,2022-05-31,3.62
1143,2022-05-19,2023-12-02,2022-11-30,3.6
1143,2022-05-19,2023-12-02,2023-05-31,3.51
1143,2022-05-19,2023-12-02,2023-11-30,3.26
1144,2022-10-23,2024-09-14,2022-10-31,4.77
1144,2022-10-23,2024-09-14,2023-04-30,4.29
1144,2022-10-23,2024-09-14,2023-10-31,4.56
1144,2022-10-23,2024-09-14,2024-04-30,4.52
1145,2022-08-18,,2022-08-31,3.9
1145,2022-08-18,2023-04-01,2023-02-28,4.72
1147,2022-07-17,2023-04-30,2022-07-31,4.52
1147,2022-07-17,2023-04-30,2023-01-31,4.59
1148,2022-05-18,,2022-05-31,3.85
1148,2022-05-18,2024-03-30,2022-11-30,3.99
1148,2022-05-18,2024-03-30,2023-05-31,4.28
1148,2022-05-18,2024-03-30,2023-11-30,4.39
1149,2022-01-19,2023-01-06,2022-01-31,4.74
1149,2022-01-19,2023-01-06,2022-07-31,3.72
1151,2022-01-28,2023-08-04,2022-01-31,4.08
1151,2022-01-28,2023-08-04,2022-07-31,4.18
1151,2022-01-28,2023-08-04,2023-01-31,3.75
1151,2022-01-28,2023-08-04,2023-07-31,3.89
1152,2022-05-13,2023-08-19,2022-05-31,3.8
1152,2022-05-13,2023-08-19,2022-11-30,4.17
1152,2022-05-13,2023-08-19,2023-05-31,4.29
1153,2022-09-05,2024-07-02,2022-09-30,3.41
1153,2022-09-05,2024-07-02,2023-03-31,38.4
1153,2022-09-05,2024-07-02,2023-09-30,4.19
1153,2022-09-05,2024-07-02,2024-03-31,4.35
1154,2022-07-11,2023-04-02,2022-07-31,4.75
1154,2022-07-11,2023-04-02,2023-01-31,4.44
1156,2022-05-20,2024-02-11,2022-05-31,3.99
1156,2022-05-20,2024-02-11,2022-11-30,4.59
1156,2022-05-20,2024-02-11,2023-05-31,4.74
1156,2022-05-20,2024-02-11,2023-11-30,4.07
1157,2022-04-05,2022-12-23,2022-04-30,4.47
1157,2022-04-05,2022-12-23,2022-10-31,3.99
1158,2022-09-13,2024-06-23,2022-09-30,4.98
1158,2022-09-13,2024-06-23,2023-03-31,4.36
1158,2022-09-13,2024-06-23,2023-09-30,4.13
1158,2022-09-13,2024-06-23,2024-03-31,4.27
1159,2022-09-04,2023-09-29,2022-09-30,4.48
1159,2022-09-04,2023-09-29,2023-03-31,4.36
1160,2022-01-18,2023-07-28,2022-01-31,4.5
1160,2022-01-18,2023-07-28,2022-07-31,4.25
1160,2022-01-18,2023-07-28,2023-01-31,41.7
1161,2022-07-05,2023-01-16,2022-07-31,4.05
1162,2022-03-02,2023-09-12,2022-03-31,3.75
1162,2022-03-02,2023-09-12,2022-09-30,4.18
1162,2022-03-02,2023-09-12,2023-03-31,4.83
1163,2022-02-12,2023-08-29,2022-02-28,3.74
1163,2022-02-12,2023-08-29,2022-08-31,3.84
1163,2022-02-12,2023-08-29,2023-02-28,4.04
1165,2022-09-22,2024-05-15,2022-09-30,4.45
1165,2022-09-22,2024-05-15,2023-03-31,4.6
1165,2022-09-22,2024-05-15,2023-09-30,4.15
1165,2022-09-22,,2024-03-31,4.49
1166,2022-08-26,2024-05-12,2022-08-31,4.27
1166,2022-08-26,2024-05-12,2023-02-28,3.66
1166,2022-08-26,2024-05-12,2023-08-31,4.19
1166,2022-08-26,2024-05-12,2024-02-29,3.87
1168,2022-05-10,,2022-05-31,4.5
1168,2022-05-10,2023-07-12,2022-11-30,4.11
1168,2022-05-10,2023-07-12,2023-05-31,4.43
1169,2022-10-08,2023-11-09,2022-10-31,3.76
1169,2022-10-08,2023-11-09,2023-04-30,3.63
1169,2022-10-08,2023-11-09,2023-10-31,3.95
1170,2022-10-22,2023-12-19,2022-10-31,4.28
1170,2022-10-22,2023-12-19,2023-04-30,4.05
1170,2022-10-22,2023-12-19,2023-10-31,4.52
1171,2022-06-26,2024-01-27,2022-06-30,3.83
1171,2022-06-26,2024-01-27,2022-12-31,4.04
1171,2022-06-26,2024-01-27,2023-06-30,4.67
1171,2022-06-26,2024-01-27,2023-12-31,4.32
1174,2022-06-17,2023-03-21,2022-06-30,3.71
1174,2022-06-17,2023-03-21,2022-12-31,3.98
1176,2022-03-07,2022-12-18,2022-03-31,3.86
1176,2022-03-07,2022-12-18,2022-09-30,3.9
1178,2022-12-19,2023-12-01,2022-12-31,4.9
1178,2022-12-19,2023-12-01,2023-06-30,4.69
1179,2022-01-25,2023-10-09,2022-01-31,3.62
1179,2022-01-25,2023-10-09,2022-07-31,3.76
1179,2022-01-25,,2023-01-31,4.14
1179,2022-01-25,,2023-07-31,3.76
1180,2022-06-18,2023-07-26,2022-06-30,3.93
1180,2022-06-18,2023-07-26,2022-12-31,3.74
1180,2022-06-18,2023-07-26,2023-06-30,3.21
1181,2022-03-03,2022-11-17,2022-03-31,42.5
1181,2022-03-03,2022-11-17,2022-09-30,4.5
1182,2022-05-17,2023-09-28,2022-05-31,4.31
1182,2022-05-17,2023-09-28,2022-11-30,3.97
1182,2022-05-17,2023-09-28,2023-05-31,4.02
1184,2022-10-22,2023-04-23,2022-10-31,4.42
1185,2023-01-13,2024-11-26,2023-01-31,4.76
1185,2023-01-13,2024-11-26,2023-07-31,4.34
1185,2023-01-13,2024-11-26,2024-01-31,45.7
1185,2023-01-13,2024-11-26,2024-07-31,4.39
1190,2022-06-12,2024-03-18,2022-06-30,3.66
1190,2022-06-12,2024-03-18,2022-12-31,3.89
1190,2022-06-12,2024-03-18,2023-06-30,3.58
1190,2022-06-12,2024-03-18,2023-12-31,3.61
1192,2022-06-11,2024-04-07,2022-06-30,4.06
1192,2022-06-11,2024-04-07,2022-12-31,3.56
1192,2022-06-11,2024-04-07,2023-06-30,3.75
1192,2022-06-11,2024-04-07,2023-12-31,4.5
1193,2022-06-01,2024-05-04,2022-06-30,4.15
1193,2022-06-01,2024-05-04,2022-12-31,4.19
1193,2022-06-01,2024-05-04,2023-06-30,4.67
1193,2022-06-01,2024-05-04,2023-12-31,4.28
1195,2022-03-21,2023-05-11,2022-03-31,4.61
1195,2022-03-21,2023-05-11,2022-09-30,4.19
1195,2022-03-21,2023-05-11,2023-03-31,3.99
1196,2022-03-25,2024-03-15,2022-03-31,3.86
1196,2022-03-25,2024-03-15,2022-09-30,4.58
1196,2022-03-25,2024-03-15,2023-03-31,4.29
1196,2022-03-25,2024-03-15,2023-09-30,44.3
1198,2022-07-20,2024-05-15,2022-07-31,5.0
1198,2022-07-20,2024-05-15,2023-01-31,4.29
1198,2022-07-20,2024-05-15,2023-07-31,4.36
1198,2022-07-20,2024-05-15,2024-01-31,5.0
1199,2022-01-26,,2022-01-31,4.05
1199,2022-01-26,2022-09-10,2022-07-31,4.23
1202,2022-11-17,2024-01-28,2022-11-30,46.8
1202,2022-11-17,2024-01-28,2023-05-31,4.15
1202,2022-11-17,2024-01-28,2023-11-30,4.19
1203,2022-11-07,2024-06-21,2022-11-30,4.38
1203,2022-11-07,,2023-05-31,4.52
1203,2022-11-07,2024-06-21,2023-11-30,3.89
1203,2022-11-07,2024-06-21,2024-05-31,5.0
1205,2022-05-18,2022-11-30,2022-05-31,3.67
1209,2022-02-27,2023-01-15,2022-02-28,4.09
1209,2022-02-27,2023-01-15,2022-08-31,4.44
1210,2022-11-10,2023-06-29,2022-11-30,4.09
1210,2022-11-10,2023-06-29,2023-05-31,3.79
1213,2022-03-30,2023-11-08,2022-03-31,4.16
1213,2022-03-30,2023-11-08,2022-09-30,4.43
1213,2022-03-30,2023-11-08,2023-03-31,4.12
1213,2022-03-30,2023-11-08,2023-09-30,4.17
1214,2022-03-31,2023-09-21,2022-03-31,4.39
1214,2022-03-31,2023-09-21,2022-09-30,4.4
1214,2022-03-31,2023-09-21,2023-03-31,4.96
1215,2022-06-12,2022-12-21,2022-06-30,4.37
1216,2022-02-17,2023-11-20,2022-02-28,3.77
1216,2022-02-17,2023-11-20,2022-08-31,3.67
1216,2022-02-17,2023-11-20,2023-02-28,4.01
1216,2022-02-17,2023-11-20,2023-08-31,4.37
1217,2022-04-14,2023-04-26,2022-04-30,4.31
1217,2022-04-14,2023-04-26,2022-10-31,3.82
1218,2022-02-01,2023-11-28,2022-02-28,4.07
1218,2022-02-01,2023-11-28,2022-08-31,4.25
1218,2022-02-01,2023-11-28,2023-02-28,4.46
1218,2022-02-01,2023-11-28,2023-08-31,4.91
1220,2022-08-18,2024-06-11,2022-08-31,3.84
1220,2022-08-18,,2023-02-28,3.89
1220,2022-08-18,2024-06-11,2023-08-31,4.14
1220,2022-08-18,2024-06-11,2024-02-29,3.99
1221,2022-12-24,2024-09-17,2022-12-31,46.5
1221,2022-12-24,2024-09-17,2023-06-30,4.31
1221,2022-12-24,2024-09-17,2023-12-31,4.26
1221,2022-12-24,2024-09-17,2024-06-30,4.32
1223,2022-02-08,2023-06-21,2022-02-28,4.61
1223,2022-02-08,2023-06-21,2022-08-31,4.66
1223,2022-02-08,2023-06-21,2023-02-28,4.32
1227,2022-07-17,2023-07-19,2022-07-31,3.87
1227,2022-07-17,2023-07-19,2023-01-31,3.77
1228,2022-11-22,2024-09-26,2022-11-30,4.82
1228,2022-11-22,2024-09-26,2023-05-31,4.78
1228,2022-11-22,2024-09-26,2023-11-30,4.32
1228,2022-11-22,2024-09-26,2024-05-31,4.8
1229,2022-07-22,2024-02-27,2022-07-31,4.75
1229,2022-07-22,2024-02-27,2023-01-31,4.7
1229,2022-07-22,2024-02-27,2023-07-31,4.31
1229,2022-07-22,2024-02-27,2024-01-31,4.18
1230,2022-07-19,2023-08-28,2022-07-31,3.88
1230,2022-07-19,2023-08-28,2023-01-31,3.7
1230,2022-07-19,2023-08-28,2023-07-31,3.56
1236,2022-11-10,2023-11-07,2022-11-30,4.55
1236,2022-11-10,2023-11-07,2023-05-31,4.69
1237,2022-05-22,2024-02-23,2022-05-31,4.11
1237,2022-05-22,2024-02-23,2022-11-30,3.41
1237,2022-05-22,2024-02-23,2023-05-31,4.2
1237,2022-05-22,2024-02-23,2023-11-30,3.95
1238,2022-02-17,2023-02-16,2022-02-28,3.89
1238,2022-02-17,2023-02-16,2022-08-31,4.22
1239,2022-04-03,2023-12-29,2022-04-30,4.07
1239,2022-04-03,2023-12-29,2022-10-31,4.33
1239,2022-04-03,2023-12-29,2023-04-30,4.37
1239,2022-04-03,2023-12-29,2023-10-31,4.29
1241,2022-04-13,2023-01-09,2022-04-30,3.66
1241,2022-04-13,2023-01-09,2022-10-31,4.19
1243,2022-05-08,,2022-05-31,4.57
1243,2022-05-08,2023-01-21,2022-11-30,4.73
1244,2022-01-31,2023-09-11,2022-01-31,4.52
1244,2022-01-31,2023-09-11,2022-07-31,3.76
1244,2022-01-31,2023-09-11,2023-01-31,4.21
1244,2022-01-31,2023-09-11,2023-07-31,4.14
1245,2022-11-12,2023-12-21,2022-11-30,4.29
1245,2022-11-12,2023-12-21,2023-05-31,5.0
1245,2022-11-12,2023-12-21,2023-11-30,5.0
1247,2022-11-19,2024-05-27,2022-11-30,4.42
1247,2022-11-19,2024-05-27,2023-05-31,4.51
1247,2022-11-19,2024-05-27,2023-11-30,4.31
1249,2022-11-29,2024-02-06,2022-11-30,3.89
1249,2022-11-29,2024-02-06,2023-05-31,4.97
1249,2022-11-29,,2023-11-30,4.61
1251,2022-04-04,2022-12-19,2022-04-30,4.33
1251,2022-04-04,2022-12-19,2022-10-31,39.7
1252,2022-02-21,2022-09-11,2022-02-28,4.31
1252,2022-02-21,2022-09-11,2022-08-31,4.62
1253,2023-01-10,2024-06-21,2023-01-31,4.27
1253,2023-01-10,2024-06-21,2023-07-31,4.4
1253,2023-01-10,2024-06-21,2024-01-31,4.08
1254,2022-06-26,2023-09-16,2022-06-30,4.1
1254,2022-06-26,2023-09-16,2022-12-31,3.74
1254,2022-06-26,2023-09-16,2023-06-30,3.65
1255,2022-12-18,2024-06-06,2022-12-31,4.13
1255,2022-12-18,2024-06-06,2023-06-30,3.97
1255,2022-12-18,2024-06-06,2023-12-31,3.95
1256,2022-07-12,2023-02-11,2022-07-31,4.59
1256,2022-07-12,2023-02-11,2023-01-31,4.37
1259,2022-03-19,2023-11-08,2022-03-31,4.49
1259,2022-03-19,2023-11-08,2022-09-30,4.63
1259,2022-03-19,2023-11-08,2023-03-31,4.59
1259,2022-03-19,2023-11-08,2023-09-30,4.19
1261,2022-02-23,2022-11-11,2022-02-28,3.66
1261,2022-02-23,2022-11-11,2022-08-31,4.02
1262,2022-06-05,,2022-06-30,4.31
1262,2022-06-05,2024-03-22,2022-12-31,2.89
1262,2022-06-05,2024-03-22,2023-06-30,3.69
1262,2022-06-05,2024-03-22,2023-12-31,3.89
1265,2022-10-02,2024-05-27,2022-10-31,4.17
1265,2022-10-02,,2023-04-30,3.99
1265,2022-10-02,2024-05-27,2023-10-31,4.64
1265,2022-10-02,2024-05-27,2024-04-30,4.3
1266,2022-01-15,2023-06-22,2022-01-31,3.88
1266,2022-01-15,2023-06-22,2022-07-31,35.5
1266,2022-01-15,2023-06-22,2023-01-31,4.03
1267,2022-03-31,2023-07-24,2022-03-31,4.35
1267,2022-03-31,2023-07-24,2022-09-30,4.41
1267,2022-03-31,2023-07-24,2023-03-31,4.68
1268,2022-05-29,2023-08-15,2022-05-31,4.77
1268,2022-05-29,2023-08-15,2022-11-30,4.81
1268,2022-05-29,2023-08-15,2023-05-31,4.52
1271,2023-01-02,2024-08-22,2023-01-31,38.6
1271,2023-01-02,2024-08-22,2023-07-31,3.58
1271,2023-01-02,2024-08-22,2024-01-31,3.79
1271,2023-01-02,2024-08-22,2024-07-31,3.87
1272,2022-11-27,2024-03-30,2022-11-30,3.85
1272,2022-11-27,2024-03-30,2023-05-31,4.28
1272,2022-11-27,2024-03-30,2023-11-30,3.96
1273,2022-08-15,,2022-08-31,4.49
1274,2022-08-11,2024-05-03,2022-08-31,4.34
1274,2022-08-11,2024-05-03,2023-02-28,4.09
1274,2022-08-11,2024-05-03,2023-08-31,4.1
1274,2022-08-11,2024-05-03,2024-02-29,4.09
1275,2022-12-21,2024-03-31,2022-12-31,4.17
1275,2022-12-21,2024-03-31,2023-06-30,4.39
1275,2022-12-21,2024-03-31,2023-12-31,4.08
1278,2022-06-29,2024-05-14,2022-06-30,4.98
1278,2022-06-29,2024-05-14,2022-12-31,4.73
1278,2022-06-29,2024-05-14,2023-06-30,4.62
1278,2022-06-29,2024-05-14,2023-12-31,4.78
1283,2023-01-11,2023-12-01,2023-01-31,3.94
1283,2023-01-11,2023-12-01,2023-07-31,4.62
1284,2022-02-09,,2022-02-28,4.23
1284,2022-02-09,2022-09-24,2022-08-31,4.27
1287,2022-09-21,2024-05-17,2022-09-30,4.55
1287,2022-09-21,2024-05-17,2023-03-31,3.81
1287,2022-09-21,2024-05-17,2023-09-30,4.24
1287,2022-09-21,2024-05-17,2024-03-31,4.22
1289,2022-08-28,2023-07-01,2022-08-31,3.95
1289,2022-08-28,2023-07-01,2023-02-28,3.86
1290,2022-11-29,2024-11-16,2022-11-30,4.0
1290,2022-11-29,2024-11-16,2023-05-31,45.0
1290,2022-11-29,2024-11-16,2023-11-30,4.63
1290,2022-11-29,2024-11-16,2024-05-31,4.39
1291,2022-09-02,2023-10-04,2022-09-30,4.27
1291,2022-09-02,2023-10-04,2023-03-31,4.71
1291,2022-09-02,2023-10-04,2023-09-30,4.19
1296,2022-05-26,2023-08-29,2022-05-31,4.14
1296,2022-05-26,2023-08-29,2022-11-30,3.68
1296,2022-05-26,2023-08-29,2023-05-31,33.199999999999996
1297,2022-04-16,2024-01-09,2022-04-30,5.0
1297,2022-04-16,,2022-10-31,4.66
1297,2022-04-16,2024-01-09,2023-04-30,4.73
1297,2022-04-16,2024-01-09,2023-10-31,3.91
1299,2022-03-24,2022-12-13,2022-03-31,42.800000000000004
1299,2022-03-24,2022-12-13,2022-09-30,4.89
1301,2022-08-09,2023-10-28,2022-08-31,4.08
1301,2022-08-09,,2023-02-28,4.85
1301,2022-08-09,2023-10-28,2023-08-31,4.6
1302,2022-05-10,2024-04-25,2022-05-31,4.73
1302,2022-05-10,2024-04-25,2022-11-30,4.27
1302,2022-05-10,2024-04-25,2023-05-31,4.16
1302,2022-05-10,2024-04-25,2023-11-30,4.67
1306,2022-10-15,2024-02-08,2022-10-31,3.49
1306,2022-10-15,2024-02-08,2023-04-30,4.84
1306,2022-10-15,2024-02-08,2023-10-31,38.9
1307,2022-05-14,2023-03-03,2022-05-31,4.03
1307,2022-05-14,2023-03-03,2022-11-30,4.14
1308,2022-07-25,2024-01-15,2022-07-31,3.86
1308,2022-07-25,,2023-01-31,3.94
1308,2022-07-25,2024-01-15,2023-07-31,3.87
1309,2022-01-23,2023-10-28,2022-01-31,4.3
1309,2022-01-23,2023-10-28,2022-07-31,3.69
1309,2022-01-23,2023-10-28,2023-01-31,3.99
1309,2022-01-23,2023-10-28,2023-07-31,4.29
1312,2022-05-19,2023-04-15,2022-05-31,40.5
1312,2022-05-19,2023-04-15,2022-11-30,3.67
1313,2022-11-02,2024-03-19,2022-11-30,4.79
1313,2022-11-02,2024-03-19,2023-05-31,4.56
1313,2022-11-02,2024-03-19,2023-11-30,4.57
1314,2022-04-17,2023-03-22,2022-04-30,3.72
1314,2022-04-17,2023-03-22,2022-10-31,4.41
1316,2022-12-28,2024-11-03,2022-12-31,5.0
1316,2022-12-28,2024-11-03,2023-06-30,4.5
1316,2022-12-28,2024-11-03,2023-12-31,3.68
1316,2022-12-28,2024-11-03,2024-06-30,4.19
1317,2022-04-04,2024-02-01,2022-04-30,4.35
1317,2022-04-04,2024-02-01,2022-10-31,5.0
1317,2022-04-04,2024-02-01,2023-04-30,4.81
1317,2022-04-04,,2023-10-31,4.45
1318,2022-07-19,2024-01-10,2022-07-31,4.53
1318,2022-07-19,2024-01-10,2023-01-31,3.92
1318,2022-07-19,2024-01-10,2023-07-31,3.79
1319,2022-05-23,2024-02-20,2022-05-31,4.2
1319,2022-05-23,2024-02-20,2022-11-30,4.24
1319,2022-05-23,2024-02-20,2023-05-31,4.4
1319,2022-05-23,2024-02-20,2023-11-30,4.38
1322,2022-05-20,2023-12-18,2022-05-31,4.22
1322,2022-05-20,2023-12-18,2022-11-30,4.34
1322,2022-05-20,2023-12-18,2023-05-31,4.77
1322,2022-05-20,,2023-11-30,4.32
1323,2022-09-20,2023-12-23,2022-09-30,4.45
1323,2022-09-20,2023-12-23,2023-03-31,3.91
1323,2022-09-20,2023-12-23,2023-09-30,4.66
1324,2022-04-18,2022-12-13,2022-04-30,4.38
1324,2022-04-18,2022-12-13,2022-10-31,3.55
1326,2022-06-16,2024-04-29,2022-06-30,4.19
1326,2022-06-16,2024-04-29,2022-12-31,3.92
1326,2022-06-16,2024-04-29,2023-06-30,3.94
1326,2022-06-16,2024-04-29,2023-12-31,4.05
1327,2022-06-03,,2022-06-30,3.72
1327,2022-06-03,2023-03-20,2022-12-31,4.02
1330,2022-06-06,2024-03-01,2022-06-30,4.82
1330,2022-06-06,2024-03-01,2022-12-31,4.1
1330,2022-06-06,2024-03-01,2023-06-30,4.12
1330,2022-06-06,2024-03-01,2023-12-31,4.4
1331,2022-09-30,2024-05-08,2022-09-30,5.0
1331,2022-09-30,2024-05-08,2023-03-31,4.61
1331,2022-09-30,2024-05-08,2023-09-30,4.94
1331,2022-09-30,2024-05-08,2024-03-31,4.46
1334,2022-08-30,2023-11-15,2022-08-31,4.45
1334,2022-08-30,2023-11-15,2023-02-28,5.0
1334,2022-08-30,2023-11-15,2023-08-31,4.25
1339,2022-02-25,2023-12-02,2022-02-28,3.71
1339,2022-02-25,2023-12-02,2022-08-31,3.46
1339,2022-02-25,2023-12-02,2023-02-28,3.89
1339,2022-02-25,2023-12-02,2023-08-31,3.95
1340,2022-02-10,2023-10-12,2022-02-28,4.23
1340,2022-02-10,2023-10-12,2022-08-31,3.81
1340,2022-02-10,2023-10-12,2023-02-28,3.89
1340,2022-02-10,2023-10-12,2023-08-31,3.89
1341,2022-03-04,2022-12-03,2022-03-31,4.69
1341,2022-03-04,2022-12-03,2022-09-30,4.41
1343,2022-06-12,2024-02-09,2022-06-30,4.41
1343,2022-06-12,2024-02-09,2022-12-31,4.34
1343,2022-06-12,2024-02-09,2023-06-30,4.78
1343,2022-06-12,2024-02-09,2023-12-31,3.93
1344,2022-05-13,2023-04-19,2022-05-31,4.51
1344,2022-05-13,2023-04-19,2022-11-30,3.88
1345,2022-02-10,2023-08-12,2022-02-28,3.87
1345,2022-02-10,2023-08-12,2022-08-31,4.41
1345,2022-02-10,2023-08-12,2023-02-28,3.56
1347,2022-08-10,2023-12-16,2022-08-31,4.79
1347,2022-08-10,2023-12-16,2023-02-28,4.29
1347,2022-08-10,2023-12-16,2023-08-31,4.51
1352,2022-08-11,2023-05-14,2022-08-31,3.45
1352,2022-08-11,2023-05-14,2023-02-28,4.0
1358,2022-04-01,,2022-04-30,4.06
1358,2022-04-01,2023-06-16,2022-10-31,4.3
1358,2022-04-01,2023-06-16,2023-04-30,4.35
1359,2022-07-10,2024-06-28,2022-07-31,3.65
1359,2022-07-10,2024-06-28,2023-01-31,3.54
1359,2022-07-10,2024-06-28,2023-07-31,4.59
1359,2022-07-10,2024-06-28,2024-01-31,4.61
1360,2022-03-05,2024-02-22,2022-03-31,4.33
1360,2022-03-05,2024-02-22,2022-09-30,3.82
1360,2022-03-05,2024-02-22,2023-03-31,4.31
1360,2022-03-05,2024-02-22,2023-09-30,3.53
1361,2022-05-04,2024-01-06,2022-05-31,4.49
1361,2022-05-04,2024-01-06,2022-11-30,3.91
1361,2022-05-04,2024-01-06,2023-05-31,4.17
1361,2022-05-04,2024-01-06,2023-11-30,4.21
1362,2022-03-26,2024-01-11,2022-03-31,4.4
1362,2022-03-26,2024-01-11,2022-09-30,4.36
1362,2022-03-26,2024-01-11,2023-03-31,4.28
1362,2022-03-26,2024-01-11,2023-09-30,3.43
1363,2022-11-10,2024-03-22,2022-11-30,3.33
1363,2022-11-10,2024-03-22,2023-05-31,3.92
1363,2022-11-10,2024-03-22,2023-11-30,3.85
1365,2022-02-15,2023-01-09,2022-02-28,4.19
1365,2022-02-15,2023-01-09,2022-08-31,3.76
1366,2022-12-24,2023-11-24,2022-12-31,4.16
1366,2022-12-24,2023-11-24,2023-06-30,4.27
1367,2022-04-15,2023-01-25,2022-04-30,4.92
1367,2022-04-15,2023-01-25,2022-10-31,5.0
1368,2022-02-02,2023-01-28,2022-02-28,4.74
1368,2022-02-02,,2022-08-31,4.72
1369,2022-11-06,,2022-11-30,3.8
1369,2022-11-06,2023-07-20,2023-05-31,4.25
1370,2023-01-13,2024-06-07,2023-01-31,4.3
1370,2023-01-13,2024-06-07,2023-07-31,4.03
1370,2023-01-13,2024-06-07,2024-01-31,4.51
1371,2022-04-30,2024-04-27,2022-04-30,4.25
1371,2022-04-30,,2022-10-31,4.64
1371,2022-04-30,2024-04-27,2023-04-30,4.37
1371,2022-04-30,2024-04-27,2023-10-31,4.03
1372,2022-01-27,2023-08-25,2022-01-31,4.53
1372,2022-01-27,2023-08-25,2022-07-31,4.22
1372,2022-01-27,2023-08-25,2023-01-31,4.46
1372,2022-01-27,2023-08-25,2023-07-31,4.33
1373,2022-05-13,2022-11-24,2022-05-31,4.28
1374,2022-03-15,2023-04-04,2022-03-31,3.94
1374,2022-03-15,2023-04-04,2022-09-30,4.05
1374,2022-03-15,,2023-03-31,3.59
1375,2022-05-07,2023-11-17,2022-05-31,3.63
1375,2022-05-07,2023-11-17,2022-11-30,4.52
1375,2022-05-07,2023-11-17,2023-05-31,3.9
1376,2022-02-15,2022-10-26,2022-02-28,4.88
1376,2022-02-15,2022-10-26,2022-08-31,4.31
1378,2022-11-17,2024-07-11,2022-11-30,4.5
1378,2022-11-17,2024-07-11,2023-05-31,4.28
1378,2022-11-17,2024-07-11,2023-11-30,4.49
1378,2022-11-17,2024-07-11,2024-05-31,4.05
1381,2022-05-13,2023-12-28,2022-05-31,3.69
1381,2022-05-13,2023-12-28,2022-11-30,4.41
1381,2022-05-13,2023-12-28,2023-05-31,4.42
1381,2022-05-13,2023-12-28,2023-11-30,4.0
1382,2022-08-18,2023-08-25,2022-08-31,4.44
1382,2022-08-18,2023-08-25,2023-02-28,4.61
1384,2022-09-09,2024-02-26,2022-09-30,4.97
1384,2022-09-09,2024-02-26,2023-03-31,4.04
1384,2022-09-09,2024-02-26,2023-09-30,4.22
1385,2022-02-05,2023-06-12,2022-02-28,4.19
1385,2022-02-05,2023-06-12,2022-08-31,3.84
1385,2022-02-05,2023-06-12,2023-02-28,4.32
1389,2022-11-29,2024-01-20,2022-11-30,4.46
1389,2022-11-29,2024-01-20,2023-05-31,4.68
1389,2022-11-29,2024-01-20,2023-11-30,4.15
1390,2022-04-07,2023-02-27,2022-04-30,4.65
1390,2022-04-07,2023-02-27,2022-10-31,3.81
1391,2022-12-05,2024-04-23,2022-12-31,4.16
1391,2022-12-05,2024-04-23,2023-06-30,3.6
1391,2022-12-05,2024-04-23,2023-12-31,3.48
1393,2022-08-30,2024-01-01,2022-08-31,4.41
1393,2022-08-30,2024-01-01,2023-02-28,4.27
1393,2022-08-30,2024-01-01,2023-08-31,3.87
1398,2022-10-02,2023-09-15,2022-10-31,4.12
1398,2022-10-02,2023-09-15,2023-04-30,4.1
1399,2022-05-24,2023-10-19,2022-05-31,4.23
1399,2022-05-24,2023-10-19,2022-11-30,4.18
1399,2022-05-24,2023-10-19,2023-05-31,4.18
1400,2022-04-01,2023-10-15,2022-04-30,4.11
1400,2022-04-01,2023-10-15,2022-10-31,4.02
1400,2022-04-01,2023-10-15,2023-04-30,4.21
1401,2022-03-29,2023-07-03,2022-03-31,4.46
1401,2022-03-29,2023-07-03,2022-09-30,4.03
1401,2022-03-29,2023-07-03,2023-03-31,4.35
1403,2022-09-29,2023-06-29,2022-09-30,3.49
1403,2022-09-29,2023-06-29,2023-03-31,4.5
1405,2022-05-23,2023-12-24,2022-05-31,4.45
1405,2022-05-23,2023-12-24,2022-11-30,4.27
1405,2022-05-23,2023-12-24,2023-05-31,4.1
1405,2022-05-23,2023-12-24,2023-11-30,4.32
1406,2023-01-10,2024-07-19,2023-01-31,4.07
1406,2023-01-10,2024-07-19,2023-07-31,3.86
1406,2023-01-10,2024-07-19,2024-01-31,3.73
1407,2022-11-06,2024-09-06,2022-11-30,4.07
1407,2022-11-06,2024-09-06,2023-05-31,4.73
1407,2022-11-06,2024-09-06,2023-11-30,4.99
1407,2022-11-06,,2024-05-31,4.12
1408,2022-12-29,2024-05-08,2022-12-31,3.9
1408,2022-12-29,2024-05-08,2023-06-30,4.18
1408,2022-12-29,2024-05-08,2023-12-31,3.74
1410,2022-11-21,2023-08-16,2022-11-30,4.08
1410,2022-11-21,2023-08-16,2023-05-31,3.84
1411,2022-09-26,2023-08-12,2022-09-30,4.5
1411,2022-09-26,2023-08-12,2023-03-31,3.87
1412,2022-12-29,2024-05-05,2022-12-31,3.76
1412,2022-12-29,,2023-06-30,4.24
1412,2022-12-29,2024-05-05,2023-12-31,3.98
1413,2022-08-06,2023-08-11,2022-08-31,3.95
1413,2022-08-06,2023-08-11,2023-02-28,3.57
1414,2022-12-08,2023-06-21,2022-12-31,4.29
1419,2022-12-01,2023-08-25,2022-12-31,3.81
1419,2022-12-01,2023-08-25,2023-06-30,4.43
1420,2022-01-16,2023-02-11,2022-01-31,4.36
1420,2022-01-16,2023-02-11,2022-07-31,3.78
1420,2022-01-16,2023-02-11,2023-01-31,3.42
1422,2022-08-14,2023-02-13,2022-08-31,3.81
1424,2022-04-04,,2022-04-30,4.18
1424,2022-04-04,2024-03-07,2022-10-31,3.88
1424,2022-04-04,2024-03-07,2023-04-30,4.44
1424,2022-04-04,2024-03-07,2023-10-31,4.21
1426,2022-11-16,2023-11-08,2022-11-30,3.67
1426,2022-11-16,2023-11-08,2023-05-31,4.5
1427,2022-06-13,2023-04-08,2022-06-30,3.86
1427,2022-06-13,2023-04-08,2022-12-31,3.73
1429,2022-08-26,2024-01-27,2022-08-31,4.39
1429,2022-08-26,2024-01-27,2023-02-28,3.65
1429,2022-08-26,2024-01-27,2023-08-31,4.26
1433,2022-05-27,2023-12-12,2022-05-31,4.29
1433,2022-05-27,2023-12-12,2022-11-30,4.4
1433,2022-05-27,2023-12-12,2023-05-31,4.19
1433,2022-05-27,2023-12-12,2023-11-30,3.94
1435,2022-01-23,2022-12-29,2022-01-31,3.86
1435,2022-01-23,2022-12-29,2022-07-31,4.28
1436,2022-04-21,2024-04-08,2022-04-30,5.0
1436,2022-04-21,2024-04-08,2022-10-31,4.75
1436,2022-04-21,2024-04-08,2023-04-30,4.29
1436,2022-04-21,2024-04-08,2023-10-31,4.64
1438,2022-04-21,2023-09-26,2022-04-30,4.28
1438,2022-04-21,2023-09-26,2022-10-31,4.09
1438,2022-04-21,2023-09-26,2023-04-30,4.21
1440,2022-06-07,2024-01-19,2022-06-30,4.27
1440,2022-06-07,2024-01-19,2022-12-31,3.75
1440,2022-06-07,2024-01-19,2023-06-30,4.2
1440,2022-06-07,2024-01-19,2023-12-31,4.21
1441,2022-03-08,2022-10-16,2022-03-31,4.31
1441,2022-03-08,2022-10-16,2022-09-30,4.3
1442,2023-01-13,2024-02-04,2023-01-31,4.6
1442,2023-01-13,2024-02-04,2023-07-31,4.28
1442,2023-01-13,2024-02-04,2024-01-31,4.09
1445,2023-01-14,2024-09-30,2023-01-31,3.71
1445,2023-01-14,2024-09-30,2023-07-31,3.44
1445,2023-01-14,2024-09-30,2024-01-31,4.01
1445,2023-01-14,2024-09-30,2024-07-31,3.95
1446,2022-12-11,2024-03-30,2022-12-31,43.5
1446,2022-12-11,2024-03-30,2023-06-30,3.94
1446,2022-12-11,2024-03-30,2023-12-31,4.33
1447,2022-02-15,2023-02-05,2022-02-28,4.1
1447,2022-02-15,2023-02-05,2022-08-31,3.9
1448,2022-06-11,2024-03-07,2022-06-30,3.85
1448,2022-06-11,2024-03-07,2022-12-31,4.18
1448,2022-06-11,2024-03-07,2023-06-30,3.95
1448,2022-06-11,2024-03-07,2023-12-31,3.98
1449,2022-10-15,2024-02-17,2022-10-31,4.29
1449,2022-10-15,2024-02-17,2023-04-30,3.8
1449,2022-10-15,2024-02-17,2023-10-31,4.33
1451,2022-05-17,2024-02-22,2022-05-31,4.38
1451,2022-05-17,2024-02-22,2022-11-30,4.32
1451,2022-05-17,2024-02-22,2023-05-31,4.52
1451,2022-05-17,2024-02-22,2023-11-30,4.15
1452,2022-09-04,2023-12-27,2022-09-30,4.27
1452,2022-09-04,2023-12-27,2023-03-31,4.12
1452,2022-09-04,2023-12-27,2023-09-30,3.87
1455,2022-05-19,2023-04-16,2022-05-31,4.12
1455,2022-05-19,2023-04-16,2022-11-30,3.81
1457,2022-08-25,2024-05-07,2022-08-31,4.2
1457,2022-08-25,2024-05-07,2023-02-28,4.28
1457,2022-08-25,2024-05-07,2023-08-31,4.25
1457,2022-08-25,2024-05-07,2024-02-29,4.84
1458,2022-05-17,2023-04-24,2022-05-31,4.14
1458,2022-05-17,2023-04-24,2022-11-30,3.6
1461,2022-07-13,2023-06-05,2022-07-31,3.92
1461,2022-07-13,,2023-01-31,3.9
1465,2022-03-06,2022-09-30,2022-03-31,4.46
1467,2022-09-07,2024-07-03,2022-09-30,4.76
1467,2022-09-07,2024-07-03,2023-03-31,4.98
1467,2022-09-07,2024-07-03,2023-09-30,4.96
1467,2022-09-07,2024-07-03,2024-03-31,4.88
1468,2022-01-20,2022-11-23,2022-01-31,4.5
1468,2022-01-20,2022-11-23,2022-07-31,4.34
1469,2022-02-10,2023-08-28,2022-02-28,3.95
1469,2022-02-10,2023-08-28,2022-08-31,4.74
1469,2022-02-10,2023-08-28,2023-02-28,4.2
1471,2022-08-16,2023-07-16,2022-08-31,3.61
1471,2022-08-16,2023-07-16,2023-02-28,3.65
1472,2022-06-29,2023-01-08,2022-06-30,4.87
1472,2022-06-29,2023-01-08,2022-12-31,4.92
1475,2022-05-22,2023-06-22,2022-05-31,4.36
1475,2022-05-22,2023-06-22,2022-11-30,4.3
1475,2022-05-22,2023-06-22,2023-05-31,4.41
1476,2022-12-31,2024-05-19,2022-12-31,3.68
1476,2022-12-31,2024-05-19,2023-06-30,4.23
1476,2022-12-31,2024-05-19,2023-12-31,4.24
1477,2022-01-15,2022-10-17,2022-01-31,3.9
1477,2022-01-15,2022-10-17,2022-07-31,4.55
1478,2022-04-10,2023-09-23,2022-04-30,4.11
1478,2022-04-10,2023-09-23,2022-10-31,3.56
1478,2022-04-10,2023-09-23,2023-04-30,3.72
1480,2022-12-26,2024-12-03,2022-12-31,4.19
1480,2022-12-26,,2023-06-30,4.61
1480,2022-12-26,2024-12-03,2023-12-31,4.08
1480,2022-12-26,2024-12-03,2024-06-30,4.15
1482,2022-06-05,2023-10-13,2022-06-30,4.48
1482,2022-06-05,2023-10-13,2022-12-31,3.89
1482,2022-06-05,2023-10-13,2023-06-30,4.07
1484,2022-08-20,,2022-08-31,4.09
1484,2022-08-20,2024-01-16,2023-02-28,4.55
1484,2022-08-20,2024-01-16,2023-08-31,3.74
1485,2022-09-28,2023-08-18,2022-09-30,4.14
1485,2022-09-28,2023-08-18,2023-03-31,4.66
1486,2022-08-05,2023-10-28,2022-08-31,4.29
1486,2022-08-05,2023-10-28,2023-02-28,3.98
1486,2022-08-05,2023-10-28,2023-08-31,4.03
1488,2023-01-05,2023-10-29,2023-01-31,4.67
1488,2023-01-05,2023-10-29,2023-07-31,5.0
1490,2022-07-06,2023-06-03,2022-07-31,4.06
1490,2022-07-06,2023-06-03,2023-01-31,4.1
1492,2022-06-26,2024-05-20,2022-06-30,4.53
1492,2022-06-26,2024-05-20,2022-12-31,3.35
1492,2022-06-26,2024-05-20,2023-06-30,4.43
1492,2022-06-26,2024-05-20,2023-12-31,4.16
1494,2022-06-19,2024-06-15,2022-06-30,4.73
1494,2022-06-19,2024-06-15,2022-12-31,4.48
1494,2022-06-19,2024-06-15,2023-06-30,4.86
1494,2022-06-19,2024-06-15,2023-12-31,4.84
1495,2022-03-27,2023-04-11,2022-03-31,3.89
1495,2022-03-27,2023-04-11,2022-09-30,3.85
1495,2022-03-27,2023-04-11,2023-03-31,3.89
1496,2022-05-14,2023-08-20,2022-05-31,3.47
1496,2022-05-14,2023-08-20,2022-11-30,4.48
1496,2022-05-14,2023-08-20,2023-05-31,4.2
1498,2022-04-12,2023-07-29,2022-04-30,3.71
1498,2022-04-12,2023-07-29,2022-10-31,4.27
1498,2022-04-12,2023-07-29,2023-04-30,4.06
1500,2022-05-17,2023-02-07,2022-05-31,3.78
1500,2022-05-17,2023-02-07,2022-11-30,4.29
1501,2022-02-28,2022-12-02,2022-02-28,3.8
1501,2022-02-28,2022-12-02,2022-08-31,4.03
1502,2022-09-03,2024-07-05,2022-09-30,4.83
1502,2022-09-03,2024-07-05,2023-03-31,4.82
1502,2022-09-03,,2023-09-30,4.63
1502,2022-09-03,2024-07-05,2024-03-31,4.24
1503,2022-12-08,2024-08-15,2022-12-31,4.56
1503,2022-12-08,2024-08-15,2023-06-30,4.3
1503,2022-12-08,2024-08-15,2023-12-31,4.31
1503,2022-12-08,2024-08-15,2024-06-30,4.08
1506,2022-07-03,2023-11-08,2022-07-31,4.25
1506,2022-07-03,2023-11-08,2023-01-31,3.88
1506,2022-07-03,2023-11-08,2023-07-31,3.64
1508,2022-02-25,2023-01-17,2022-02-28,4.35
1508,2022-02-25,2023-01-17,2022-08-31,4.6
1509,2022-07-02,2023-12-18,2022-07-31,4.55
1509,2022-07-02,2023-12-18,2023-01-31,4.4
1509,2022-07-02,2023-12-18,2023-07-31,4.93
1511,2022-02-20,2022-10-19,2022-02-28,4.08
1511,2022-02-20,2022-10-19,2022-08-31,4.3
1512,2022-10-12,,2022-10-31,4.78
1512,2022-10-12,2024-09-29,2023-04-30,4.16
1512,2022-10-12,,2023-10-31,4.61
1512,2022-10-12,2024-09-29,2024-04-30,4.55
1514,2022-12-14,2024-09-22,2022-12-31,3.77
1514,2022-12-14,2024-09-22,2023-06-30,4.0
1514,2022-12-14,2024-09-22,2023-12-31,4.02
1514,2022-12-14,2024-09-22,2024-06-30,4.55
1516,2022-09-08,2023-07-13,2022-09-30,3.67
1516,2022-09-08,,2023-03-31,4.42
1517,2022-10-17,,2022-10-31,3.99
1519,2022-12-09,2024-06-13,2022-12-31,4.0
1519,2022-12-09,2024-06-13,2023-06-30,3.7
1519,2022-12-09,2024-06-13,2023-12-31,4.32
1521,2022-06-04,2023-04-12,2022-06-30,4.07
1521,2022-06-04,2023-04-12,2022-12-31,3.96
1524,2022-02-08,2023-08-03,2022-02-28,3.5
1524,2022-02-08,2023-08-03,2022-08-31,4.17
1524,2022-02-08,2023-08-03,2023-02-28,3.71
1525,2022-08-18,2024-02-01,2022-08-31,3.84
1525,2022-08-18,2024-02-01,2023-02-28,4.16
1525,2022-08-18,2024-02-01,2023-08-31,3.96
1527,2022-04-06,2023-03-19,2022-04-30,3.61
1527,2022-04-06,2023-03-19,2022-10-31,3.52
1529,2022-07-24,2024-02-07,2022-07-31,4.37
1529,2022-07-24,2024-02-07,2023-01-31,4.43
1529,2022-07-24,2024-02-07,2023-07-31,4.22
1529,2022-07-24,2024-02-07,2024-01-31,4.61
1532,2022-06-21,2023-09-06,2022-06-30,4.57
1532,2022-06-21,2023-09-06,2022-12-31,3.97
1532,2022-06-21,2023-09-06,2023-06-30,4.74
1533,2022-02-24,2023-12-20,2022-02-28,4.35
1533,2022-02-24,2023-12-20,2022-08-31,4.53
1533,2022-02-24,2023-12-20,2023-02-28,4.44
1533,2022-02-24,2023-12-20,2023-08-31,4.13
1535,2022-04-21,2022-12-28,2022-04-30,4.3
1535,2022-04-21,2022-12-28,2022-10-31,4.26
1538,2023-01-08,2024-08-16,2023-01-31,4.41
1538,2023-01-08,2024-08-16,2023-07-31,4.21
1538,2023-01-08,2024-08-16,2024-01-31,45.099999999999994
1538,2023-01-08,2024-08-16,2024-07-31,4.21
1539,2022-05-13,2023-01-26,2022-05-31,4.15
1539,2022-05-13,2023-01-26,2022-11-30,4.28
1540,2023-01-14,,2023-01-31,4.19
1540,2023-01-14,2024-05-17,2023-07-31,3.72
1540,2023-01-14,2024-05-17,2024-01-31,4.43
1541,2022-07-28,2023-05-08,2022-07-31,4.07
1541,2022-07-28,2023-05-08,2023-01-31,3.53
1543,2022-02-10,2023-11-04,2022-02-28,4.14
1543,2022-02-10,2023-11-04,2022-08-31,4.06
1543,2022-02-10,2023-11-04,2023-02-28,4.29
1543,2022-02-10,2023-11-04,2023-08-31,4.14
1545,2022-03-17,2023-05-09,2022-03-31,4.71
1545,2022-03-17,2023-05-09,2022-09-30,4.08
1545,2022-03-17,2023-05-09,2023-03-31,4.39
1547,2022-09-01,2023-03-12,2022-09-30,4.02
1549,2022-07-09,2024-03-16,2022-07-31,3.86
1549,2022-07-09,2024-03-16,2023-01-31,3.32
1549,2022-07-09,2024-03-16,2023-07-31,4.06
1549,2022-07-09,2024-03-16,2024-01-31,4.7
1551,2022-03-02,,2022-03-31,4.73
1551,2022-03-02,2022-10-18,2022-09-30,4.36
1553,2022-06-20,2024-04-17,2022-06-30,4.15
1553,2022-06-20,2024-04-17,2022-12-31,4.36
1553,2022-06-20,2024-04-17,2023-06-30,3.91
1553,2022-06-20,2024-04-17,2023-12-31,4.05
1554,2022-05-23,2023-09-23,2022-05-31,4.43
1554,2022-05-23,2023-09-23,2022-11-30,4.6
1554,2022-05-23,2023-09-23,2023-05-31,5.0
1556,2022-11-07,,2022-11-30,4.54
1556,2022-11-07,2024-05-05,2023-05-31,4.47
1556,2022-11-07,2024-05-05,2023-11-30,4.27
1557,2022-06-22,2024-02-26,2022-06-30,4.71
1557,2022-06-22,2024-02-26,2022-12-31,4.98
1557,2022-06-22,2024-02-26,2023-06-30,4.96
1557,2022-06-22,2024-02-26,2023-12-31,3.96
1558,2022-12-29,2024-01-03,2022-12-31,4.03
1558,2022-12-29,2024-01-03,2023-06-30,3.49
1558,2022-12-29,2024-01-03,2023-12-31,4.04
1559,2022-10-24,2024-09-05,2022-10-31,4.38
1559,2022-10-24,2024-09-05,2023-04-30,4.56
1559,2022-10-24,2024-09-05,2023-10-31,4.38
1559,2022-10-24,2024-09-05,2024-04-30,4.26
1561,2022-11-22,2024-11-11,2022-11-30,4.39
1561,2022-11-22,2024-11-11,2023-05-31,4.79
1561,2022-11-22,2024-11-11,2023-11-30,4.17
1561,2022-11-22,2024-11-11,2024-05-31,4.12
1564,2022-05-05,2022-12-10,2022-05-31,3.92
1564,2022-05-05,2022-12-10,2022-11-30,4.17
1565,2022-12-01,2024-04-09,2022-12-31,3.66
1565,2022-12-01,2024-04-09,2023-06-30,3.85
1565,2022-12-01,2024-04-09,2023-12-31,3.99
1566,2022-01-21,2023-10-25,2022-01-31,4.11
1566,2022-01-21,2023-10-25,2022-07-31,3.43
1566,2022-01-21,2023-10-25,2023-01-31,3.24
1566,2022-01-21,2023-10-25,2023-07-31,3.75
1567,2022-02-22,2023-08-30,2022-02-28,4.47
1567,2022-02-22,2023-08-30,2022-08-31,4.43
1567,2022-02-22,2023-08-30,2023-02-28,4.72
1569,2022-05-01,2023-06-08,2022-05-31,3.89
1569,2022-05-01,2023-06-08,2022-11-30,4.28
1569,2022-05-01,2023-06-08,2023-05-31,4.6
1571,2023-01-02,2023-07-21,2023-01-31,3.79
1573,2022-07-04,2024-03-16,2022-07-31,3.99
1573,2022-07-04,2024-03-16,2023-01-31,3.73
1573,2022-07-04,2024-03-16,2023-07-31,4.07
1573,2022-07-04,2024-03-16,2024-01-31,4.0
1574,2022-12-31,2024-02-17,2022-12-31,3.98
1574,2022-12-31,2024-02-17,2023-06-30,4.35
1574,2022-12-31,2024-02-17,2023-12-31,4.34
1576,2022-02-13,2023-02-17,2022-02-28,3.69
1576,2022-02-13,2023-02-17,2022-08-31,4.06
1577,2022-03-31,2023-12-27,2022-03-31,3.81
1577,2022-03-31,2023-12-27,2022-09-30,3.97
1577,2022-03-31,2023-12-27,2023-03-31,3.54
1577,2022-03-31,2023-12-27,2023-09-30,4.34
1581,2022-02-11,2023-04-16,2022-02-28,3.3
1581,2022-02-11,2023-04-16,2022-08-31,4.0
1581,2022-02-11,2023-04-16,2023-02-28,4.25
1582,2022-01-25,2023-08-15,2022-01-31,4.05
1582,2022-01-25,2023-08-15,2022-07-31,4.68
1582,2022-01-25,2023-08-15,2023-01-31,3.9
1582,2022-01-25,2023-08-15,2023-07-31,3.85
1583,2022-07-16,2023-08-07,2022-07-31,3.48
1583,2022-07-16,,2023-01-31,4.06
1583,2022-07-16,2023-08-07,2023-07-31,3.57
1587,2022-05-21,2023-12-25,2022-05-31,3.88
1587,2022-05-21,2023-12-25,2022-11-30,3.89
1587,2022-05-21,2023-12-25,2023-05-31,4.35
1587,2022-05-21,2023-12-25,2023-11-30,4.4
1588,2022-06-26,2023-05-13,2022-06-30,4.13
1588,2022-06-26,2023-05-13,2022-12-31,4.47
1590,2022-02-15,2023-05-27,2022-02-28,4.43
1590,2022-02-15,2023-05-27,2022-08-31,3.97
1590,2022-02-15,2023-05-27,2023-02-28,3.92
1591,2022-05-25,2023-02-27,2022-05-31,4.13
1591,2022-05-25,2023-02-27,2022-11-30,3.9
1592,2022-09-23,2024-03-10,2022-09-30,3.9
1592,2022-09-23,2024-03-10,2023-03-31,4.23
1592,2022-09-23,2024-03-10,2023-09-30,3.93
1593,2022-08-09,2024-03-03,2022-08-31,4.37
1593,2022-08-09,2024-03-03,2023-02-28,5.0
1593,2022-08-09,2024-03-03,2023-08-31,4.71
1593,2022-08-09,2024-03-03,2024-02-29,4.07
1594,2022-03-30,2023-10-17,2022-03-31,4.6
1594,2022-03-30,2023-10-17,2022-09-30,4.45
1594,2022-03-30,,2023-03-31,4.66
1594,2022-03-30,2023-10-17,2023-09-30,5.0
1598,2022-02-28,2024-02-10,2022-02-28,3.26
1598,2022-02-28,2024-02-10,2022-08-31,3.66
1598,2022-02-28,2024-02-10,2023-02-28,3.77
1598,2022-02-28,2024-02-10,2023-08-31,3.95
1601,2022-05-18,2023-09-27,2022-05-31,4.25
1601,2022-05-18,2023-09-27,2022-11-30,4.37
1601,2022-05-18,2023-09-27,2023-05-31,4.17
1603,2022-07-06,2023-07-20,2022-07-31,3.31
1603,2022-07-06,2023-07-20,2023-01-31,3.79
1606,2022-02-09,2023-10-23,2022-02-28,3.7
1606,2022-02-09,2023-10-23,2022-08-31,4.28
1606,2022-02-09,2023-10-23,2023-02-28,3.62
1606,2022-02-09,2023-10-23,2023-08-31,4.14
1607,2022-06-26,2024-01-24,2022-06-30,4.13
1607,2022-06-26,2024-01-24,2022-12-31,4.11
1607,2022-06-26,2024-01-24,2023-06-30,38.9
1607,2022-06-26,2024-01-24,2023-12-31,41.5
1608,2022-08-06,2023-03-27,2022-08-31,4.6
1608,2022-08-06,2023-03-27,2023-02-28,4.51
1609,2022-05-24,2023-05-05,2022-05-31,4.35
1609,2022-05-24,2023-05-05,2022-11-30,4.27
1612,2022-12-23,2023-12-07,2022-12-31,4.52
1612,2022-12-23,2023-12-07,2023-06-30,4.14
1614,2022-02-07,2022-09-09,2022-02-28,3.82
1614,2022-02-07,2022-09-09,2022-08-31,4.19
1616,2022-01-15,2022-12-04,2022-01-31,4.16
1616,2022-01-15,2022-12-04,2022-07-31,4.46
1617,2022-09-21,2024-04-28,2022-09-30,4.24
1617,2022-09-21,2024-04-28,2023-03-31,4.11
1617,2022-09-21,2024-04-28,2023-09-30,4.65
1617,2022-09-21,2024-04-28,2024-03-31,4.34
1618,2022-06-12,2023-07-23,2022-06-30,4.46
1618,2022-06-12,2023-07-23,2022-12-31,4.33
1618,2022-06-12,2023-07-23,2023-06-30,3.85
1624,2023-01-10,2024-02-19,2023-01-31,3.43
1624,2023-01-10,2024-02-19,2023-07-31,3.81
1624,2023-01-10,2024-02-19,2024-01-31,4.11
1626,2022-11-10,2023-12-19,2022-11-30,4.12
1626,2022-11-10,2023-12-19,2023-05-31,4.15
1626,2022-11-10,2023-12-19,2023-11-30,3.66
1627,2022-06-04,2024-03-01,2022-06-30,4.39
1627,2022-06-04,2024-03-01,2022-12-31,4.0
1627,2022-06-04,2024-03-01,2023-06-30,4.95
1627,2022-06-04,2024-03-01,2023-12-31,4.65
1628,2022-03-04,2024-01-05,2022-03-31,4.4
1628,2022-03-04,2024-01-05,2022-09-30,3.9
1628,2022-03-04,2024-01-05,2023-03-31,4.02
1628,2022-03-04,2024-01-05,2023-09-30,3.94
1633,2022-11-04,2023-09-09,2022-11-30,4.73
1633,2022-11-04,2023-09-09,2023-05-31,3.68
1636,2022-06-02,2023-12-18,2022-06-30,4.66
1636,2022-06-02,2023-12-18,2022-12-31,3.83
1636,2022-06-02,2023-12-18,2023-06-30,3.62
1637,2022-12-08,2023-12-14,2022-12-31,3.88
1637,2022-12-08,2023-12-14,2023-06-30,4.27
1638,2022-05-16,2024-01-12,2022-05-31,4.26
1638,2022-05-16,2024-01-12,2022-11-30,4.17
1638,2022-05-16,2024-01-12,2023-05-31,4.51
1638,2022-05-16,2024-01-12,2023-11-30,43.0
1640,2022-12-15,2024-05-21,2022-12-31,3.94
1640,2022-12-15,2024-05-21,2023-06-30,3.68
1640,2022-12-15,2024-05-21,2023-12-31,4.27
1642,2022-04-02,2023-08-22,2022-04-30,4.61
1642,2022-04-02,2023-08-22,2022-10-31,4.28
1642,2022-04-02,2023-08-22,2023-04-30,4.35
1647,2022-10-27,2023-10-11,2022-10-31,4.18
1647,2022-10-27,2023-10-11,2023-04-30,3.83
1648,2022-02-09,2023-06-21,2022-02-28,4.58
1648,2022-02-09,2023-06-21,2022-08-31,4.16
1648,2022-02-09,2023-06-21,2023-02-28,3.93
1649,2022-04-23,2023-04-14,2022-04-30,4.27
1649,2022-04-23,2023-04-14,2022-10-31,3.9
1652,2022-03-14,2023-09-18,2022-03-31,4.19
1652,2022-03-14,2023-09-18,2022-09-30,4.52
1652,2022-03-14,2023-09-18,2023-03-31,4.64
1654,2022-02-22,2022-11-15,2022-02-28,4.84
1654,2022-02-22,,2022-08-31,4.58
1655,2022-07-16,2023-02-26,2022-07-31,4.72
1655,2022-07-16,2023-02-26,2023-01-31,4.74
1656,2022-06-12,2024-04-26,2022-06-30,4.5
1656,2022-06-12,2024-04-26,2022-12-31,3.84
1656,2022-06-12,2024-04-26,2023-06-30,3.68
1656,2022-06-12,2024-04-26,2023-12-31,3.88
1657,2022-04-13,2023-10-31,2022-04-30,4.92
1657,2022-04-13,2023-10-31,2022-10-31,4.45
1657,2022-04-13,2023-10-31,2023-04-30,3.97
1660,2022-11-25,2023-12-23,2022-11-30,3.72
1660,2022-11-25,2023-12-23,2023-05-31,4.02
1660,2022-11-25,2023-12-23,2023-11-30,4.33
1661,2022-07-18,2024-07-10,2022-07-31,3.78
1661,2022-07-18,2024-07-10,2023-01-31,3.88
1661,2022-07-18,2024-07-10,2023-07-31,3.98
1661,2022-07-18,2024-07-10,2024-01-31,4.09
1662,2022-12-08,2024-06-07,2022-12-31,3.78
1662,2022-12-08,2024-06-07,2023-06-30,3.85
1662,2022-12-08,2024-06-07,2023-12-31,3.82
1663,2022-11-27,2024-02-03,2022-11-30,3.86
1663,2022-11-27,2024-02-03,2023-05-31,4.85
1663,2022-11-27,2024-02-03,2023-11-30,3.87
1665,2022-03-11,2023-07-08,2022-03-31,4.48
1665,2022-03-11,2023-07-08,2022-09-30,4.68
1665,2022-03-11,2023-07-08,2023-03-31,4.42
1667,2022-05-08,2024-02-04,2022-05-31,3.78
1667,2022-05-08,2024-02-04,2022-11-30,3.83
1667,2022-05-08,2024-02-04,2023-05-31,3.71
1667,2022-05-08,2024-02-04,2023-11-30,4.23
1669,2022-10-11,2023-06-30,2022-10-31,3.97
1669,2022-10-11,2023-06-30,2023-04-30,3.85
1671,2022-04-19,2023-09-01,2022-04-30,4.58
1671,2022-04-19,2023-09-01,2022-10-31,5.0
1671,2022-04-19,,2023-04-30,4.95
1673,2022-04-06,2024-03-04,2022-04-30,4.53
1673,2022-04-06,2024-03-04,2022-10-31,4.5
1673,2022-04-06,2024-03-04,2023-04-30,4.25
1673,2022-04-06,,2023-10-31,4.31
1679,2022-03-28,2023-04-12,2022-03-31,3.53
1679,2022-03-28,2023-04-12,2022-09-30,3.83
1679,2022-03-28,2023-04-12,2023-03-31,3.4
1681,2022-05-27,2023-01-06,2022-05-31,4.0
1681,2022-05-27,2023-01-06,2022-11-30,3.64
1682,2022-03-03,2022-12-07,2022-03-31,3.93
1682,2022-03-03,,2022-09-30,4.3
1683,2022-06-03,2024-04-14,2022-06-30,4.12
1683,2022-06-03,2024-04-14,2022-12-31,4.38
1683,2022-06-03,2024-04-14,2023-06-30,4.38
1683,2022-06-03,2024-04-14,2023-12-31,4.2
1684,2022-09-04,2024-05-18,2022-09-30,3.83
1684,2022-09-04,,2023-03-31,4.09
1684,2022-09-04,2024-05-18,2023-09-30,3.91
1684,2022-09-04,2024-05-18,2024-03-31,3.91
1685,2022-01-18,2022-09-05,2022-01-31,4.46
1685,2022-01-18,2022-09-05,2022-07-31,4.21
1686,2022-07-11,2023-04-26,2022-07-31,4.32
1686,2022-07-11,2023-04-26,2023-01-31,3.9
1687,2022-11-15,2024-01-23,2022-11-30,4.24
1687,2022-11-15,2024-01-23,2023-05-31,4.15
1687,2022-11-15,,2023-11-30,4.26
1690,2022-08-20,2023-11-04,2022-08-31,39.900000000000006
1690,2022-08-20,2023-11-04,2023-02-28,4.36
1690,2022-08-20,2023-11-04,2023-08-31,4.44
1691,2022-01-31,2023-01-19,2022-01-31,4.21
1691,2022-01-31,2023-01-19,2022-07-31,4.66
1694,2022-01-23,2022-10-22,2022-01-31,4.64
1694,2022-01-23,2022-10-22,2022-07-31,4.25
1696,2022-03-06,2024-01-27,2022-03-31,3.85
1696,2022-03-06,2024-01-27,2022-09-30,3.86
1696,2022-03-06,2024-01-27,2023-03-31,4.46
1696,2022-03-06,2024-01-27,2023-09-30,4.02
1698,2022-09-02,2023-07-26,2022-09-30,3.52
1698,2022-09-02,2023-07-26,2023-03-31,3.96
1701,2022-07-30,2023-05-01,2022-07-31,4.09
1701,2022-07-30,2023-05-01,2023-01-31,4.31
1703,2022-05-01,2023-03-19,2022-05-31,5.0
1703,2022-05-01,2023-03-19,2022-11-30,4.22
1704,2022-02-10,2023-12-12,2022-02-28,4.25
1704,2022-02-10,2023-12-12,2022-08-31,4.03
1704,2022-02-10,2023-12-12,2023-02-28,4.17
1704,2022-02-10,2023-12-12,2023-08-31,3.85
1706,2022-05-18,2024-05-02,2022-05-31,4.46
1706,2022-05-18,2024-05-02,2022-11-30,4.0
1706,2022-05-18,2024-05-02,2023-05-31,4.08
1706,2022-05-18,2024-05-02,2023-11-30,4.26
1707,2022-03-06,2023-01-29,2022-03-31,42.300000000000004
1707,2022-03-06,2023-01-29,2022-09-30,4.28
1708,2022-12-11,2023-10-25,2022-12-31,45.300000000000004
1708,2022-12-11,2023-10-25,2023-06-30,4.22
1709,2022-02-02,2023-03-24,2022-02-28,4.7
1709,2022-02-02,2023-03-24,2022-08-31,3.64
1709,2022-02-02,2023-03-24,2023-02-28,4.46
1710,2022-11-01,,2022-11-30,4.16
1710,2022-11-01,2023-08-05,2023-05-31,4.61
1711,2022-07-13,2023-06-29,2022-07-31,4.62
1711,2022-07-13,2023-06-29,2023-01-31,3.92
1713,2022-04-28,2022-11-14,2022-04-30,3.82
1713,2022-04-28,2022-11-14,2022-10-31,4.43
1717,2022-11-01,2024-01-08,2022-11-30,4.51
1717,2022-11-01,2024-01-08,2023-05-31,4.95
1717,2022-11-01,2024-01-08,2023-11-30,4.26
1718,2022-11-14,2024-08-08,2022-11-30,3.37
1718,2022-11-14,2024-08-08,2023-05-31,3.88
1718,2022-11-14,,2023-11-30,3.91
1718,2022-11-14,2024-08-08,2024-05-31,3.88
1719,2022-04-29,2023-07-20,2022-04-30,3.79
1719,2022-04-29,2023-07-20,2022-10-31,3.37
1719,2022-04-29,2023-07-20,2023-04-30,4.06
1722,2022-09-04,2024-02-12,2022-09-30,4.19
1722,2022-09-04,2024-02-12,2023-03-31,4.28
1722,2022-09-04,2024-02-12,2023-09-30,4.35
1723,2023-01-10,2023-12-15,2023-01-31,4.06
1723,2023-01-10,2023-12-15,2023-07-31,4.31
1724,2022-07-05,2023-07-05,2022-07-31,4.46
1724,2022-07-05,2023-07-05,2023-01-31,3.95
1725,2022-11-22,2024-08-20,2022-11-30,3.95
1725,2022-11-22,2024-08-20,2023-05-31,4.45
1725,2022-11-22,2024-08-20,2023-11-30,43.099999999999994
1725,2022-11-22,2024-08-20,2024-05-31,4.55
1726,2022-04-13,2023-09-07,2022-04-30,3.8
1726,2022-04-13,2023-09-07,2022-10-31,4.06
1726,2022-04-13,2023-09-07,2023-04-30,3.71
1729,2022-10-10,2023-06-04,2022-10-31,3.82
1729,2022-10-10,2023-06-04,2023-04-30,3.77
1730,2022-12-17,2023-11-13,2022-12-31,3.72
1730,2022-12-17,2023-11-13,2023-06-30,4.17
1731,2022-07-30,2024-06-09,2022-07-31,4.61
1731,2022-07-30,2024-06-09,2023-01-31,4.83
1731,2022-07-30,2024-06-09,2023-07-31,4.89
1731,2022-07-30,2024-06-09,2024-01-31,5.0
1733,2022-08-23,2023-11-20,2022-08-31,3.6
1733,2022-08-23,2023-11-20,2023-02-28,4.4
1733,2022-08-23,2023-11-20,2023-08-31,3.73
1736,2022-05-20,2023-06-01,2022-05-31,4.3
1736,2022-05-20,2023-06-01,2022-11-30,4.07
1736,2022-05-20,2023-06-01,2023-05-31,4.29
1738,2022-02-23,,2022-02-28,4.13
1738,2022-02-23,2022-12-06,2022-08-31,3.76
1740,2022-11-26,2023-09-17,2022-11-30,4.45
1740,2022-11-26,2023-09-17,2023-05-31,4.43
1741,2022-01-15,2023-05-30,2022-01-31,3.67
1741,2022-01-15,2023-05-30,2022-07-31,4.06
1741,2022-01-15,2023-05-30,2023-01-31,4.07
1744,2022-02-26,2022-12-15,2022-02-28,4.45
1744,2022-02-26,2022-12-15,2022-08-31,4.19
1745,2022-11-21,2024-03-06,2022-11-30,3.49
1745,2022-11-21,2024-03-06,2023-05-31,3.4
1745,2022-11-21,2024-03-06,2023-11-30,4.0
1747,2022-07-05,2023-05-11,2022-07-31,4.16
1747,2022-07-05,2023-05-11,2023-01-31,4.55
1748,2022-10-11,2023-10-09,2022-10-31,3.47
1748,2022-10-11,2023-10-09,2023-04-30,4.03
1749,2022-06-09,2023-10-12,2022-06-30,4.43
1749,2022-06-09,2023-10-12,2022-12-31,4.07
1749,2022-06-09,2023-10-12,2023-06-30,4.86
1751,2022-11-02,2023-08-20,2022-11-30,4.77
1751,2022-11-02,2023-08-20,2023-05-31,4.3
1753,2022-10-12,2024-04-25,2022-10-31,4.41
1753,2022-10-12,,2023-04-30,3.95
1753,2022-10-12,2024-04-25,2023-10-31,3.53
1754,2022-06-06,2023-02-15,2022-06-30,3.84
1754,2022-06-06,2023-02-15,2022-12-31,4.35
1755,2022-08-30,2024-08-04,2022-08-31,5.0
1755,2022-08-30,2024-08-04,2023-02-28,4.67
1755,2022-08-30,2024-08-04,2023-08-31,4.85
1755,2022-08-30,2024-08-04,2024-02-29,3.75
1756,2023-01-01,2023-07-26,2023-01-31,4.08
1758,2022-01-26,2023-01-10,2022-01-31,3.81
1758,2022-01-26,,2022-07-31,3.77
1759,2022-04-29,2022-12-12,2022-04-30,5.0
1759,2022-04-29,,2022-10-31,4.72
1762,2022-05-05,2023-11-30,2022-05-31,4.54
1762,2022-05-05,2023-11-30,2022-11-30,4.12
1762,2022-05-05,2023-11-30,2023-05-31,4.84
1764,2022-05-14,2024-03-28,2022-05-31,3.85
1764,2022-05-14,2024-03-28,2022-11-30,3.79
1764,2022-05-14,2024-03-28,2023-05-31,4.05
1764,2022-05-14,2024-03-28,2023-11-30,4.46
1765,2022-05-14,2023-07-04,2022-05-31,3.36
1765,2022-05-14,2023-07-04,2022-11-30,3.91
1765,2022-05-14,2023-07-04,2023-05-31,3.87
1767,2022-03-31,2024-03-20,2022-03-31,4.62
1767,2022-03-31,2024-03-20,2022-09-30,4.3
1767,2022-03-31,2024-03-20,2023-03-31,4.26
1767,2022-03-31,2024-03-20,2023-09-30,4.71
1772,2022-10-04,2023-09-20,2022-10-31,4.39
1772,2022-10-04,2023-09-20,2023-04-30,4.31
1774,2022-01-15,2023-03-04,2022-01-31,4.4
1774,2022-01-15,2023-03-04,2022-07-31,4.81
1774,2022-01-15,2023-03-04,2023-01-31,4.41
1776,2022-03-23,2022-12-28,2022-03-31,4.68
1776,2022-03-23,2022-12-28,2022-09-30,4.62
1777,2022-01-24,2023-09-12,2022-01-31,4.42
1777,2022-01-24,2023-09-12,2022-07-31,3.83
1777,2022-01-24,2023-09-12,2023-01-31,4.53
1777,2022-01-24,2023-09-12,2023-07-31,4.04
1778,2022-04-05,2023-12-06,2022-04-30,3.6
1778,2022-04-05,2023-12-06,2022-10-31,4.12
1778,2022-04-05,2023-12-06,2023-04-30,3.69
1778,2022-04-05,,2023-10-31,3.6
1779,2022-12-14,,2022-12-31,4.28
1779,2022-12-14,2023-12-28,2023-06-30,4.06
1781,2022-02-15,2023-08-10,2022-02-28,4.25
1781,2022-02-15,2023-08-10,2022-08-31,4.13
1781,2022-02-15,2023-08-10,2023-02-28,4.52
1784,2022-09-12,2024-06-24,2022-09-30,4.49
1784,2022-09-12,,2023-03-31,4.28
1784,2022-09-12,2024-06-24,2023-09-30,4.64
1784,2022-09-12,2024-06-24,2024-03-31,4.74
1788,2022-01-25,2023-11-07,2022-01-31,4.51
1788,2022-01-25,2023-11-07,2022-07-31,4.13
1788,2022-01-25,2023-11-07,2023-01-31,4.39
1788,2022-01-25,2023-11-07,2023-07-31,3.95
1790,2022-03-01,2024-02-13,2022-03-31,3.59
1790,2022-03-01,2024-02-13,2022-09-30,4.0
1790,2022-03-01,2024-02-13,2023-03-31,4.27
1790,2022-03-01,2024-02-13,2023-09-30,3.95
1792,2022-07-21,2024-01-04,2022-07-31,4.12
1792,2022-07-21,,2023-01-31,3.57
1792,2022-07-21,2024-01-04,2023-07-31,3.71
1794,2022-12-04,2023-06-28,2022-12-31,3.94
1797,2022-06-30,2023-11-29,2022-06-30,4.46
1797,2022-06-30,2023-11-29,2022-12-31,4.35
1797,2022-06-30,2023-11-29,2023-06-30,4.51
1798,2022-11-14,2024-02-04,2022-11-30,4.45
1798,2022-11-14,2024-02-04,2023-05-31,4.41
1798,2022-11-14,2024-02-04,2023-11-30,4.18
1799,2022-11-18,2024-06-04,2022-11-30,4.54
1799,2022-11-18,2024-06-04,2023-05-31,4.62
1799,2022-11-18,2024-06-04,2023-11-30,4.36
1799,2022-11-18,2024-06-04,2024-05-31,5.0
1800,2022-08-29,2023-11-03,2022-08-31,3.84
1800,2022-08-29,2023-11-03,2023-02-28,4.34
1800,2022-08-29,2023-11-03,2023-08-31,3.69
1801,2022-09-27,2024-02-23,2022-09-30,4.05
1801,2022-09-27,2024-02-23,2023-03-31,4.33
1801,2022-09-27,,2023-09-30,4.28
1802,2022-02-07,2024-01-16,2022-02-28,4.73
1802,2022-02-07,2024-01-16,2022-08-31,4.34
1802,2022-02-07,2024-01-16,2023-02-28,3.87
1802,2022-02-07,2024-01-16,2023-08-31,3.72
1803,2022-12-10,2024-08-13,2022-12-31,4.29
1803,2022-12-10,2024-08-13,2023-06-30,4.56
1803,2022-12-10,2024-08-13,2023-12-31,4.9
1803,2022-12-10,2024-08-13,2024-06-30,4.31
1804,2022-12-11,2024-08-17,2022-12-31,3.85
1804,2022-12-11,2024-08-17,2023-06-30,3.67
1804,2022-12-11,2024-08-17,2023-12-31,3.71
1804,2022-12-11,2024-08-17,2024-06-30,4.18
1805,2022-01-31,,2022-01-31,3.77
1805,2022-01-31,2023-03-03,2022-07-31,4.34
1805,2022-01-31,2023-03-03,2023-01-31,4.1
1808,2022-09-30,2023-08-17,2022-09-30,3.83
1808,2022-09-30,2023-08-17,2023-03-31,4.06
1810,2022-11-21,2023-10-16,2022-11-30,4.52
1810,2022-11-21,2023-10-16,2023-05-31,4.47
1811,2022-11-25,2024-01-18,2022-11-30,45.9
1811,2022-11-25,2024-01-18,2023-05-31,4.32
1811,2022-11-25,2024-01-18,2023-11-30,4.41
1812,2022-08-09,,2022-08-31,4.01
1812,2022-08-09,2024-05-18,2023-02-28,4.07
1812,2022-08-09,2024-05-18,2023-08-31,3.34
1812,2022-08-09,2024-05-18,2024-02-29,4.57
1813,2022-04-23,2023-10-07,2022-04-30,4.41
1813,2022-04-23,2023-10-07,2022-10-31,4.01
1813,2022-04-23,2023-10-07,2023-04-30,4.47
1815,2022-04-05,2023-06-04,2022-04-30,4.83
1815,2022-04-05,2023-06-04,2022-10-31,4.52
1815,2022-04-05,2023-06-04,2023-04-30,4.19
1817,2022-03-13,2023-07-14,2022-03-31,4.6
1817,2022-03-13,2023-07-14,2022-09-30,4.75
1817,2022-03-13,2023-07-14,2023-03-31,4.7
1818,2022-04-28,2023-04-15,2022-04-30,4.01
1818,2022-04-28,,2022-10-31,4.55
1819,2022-04-19,2023-02-07,2022-04-30,3.94
1819,2022-04-19,2023-02-07,2022-10-31,3.97
1821,2022-12-14,2023-06-15,2022-12-31,4.21
1824,2022-12-03,2024-10-04,2022-12-31,4.25
1824,2022-12-03,2024-10-04,2023-06-30,4.1
1824,2022-12-03,2024-10-04,2023-12-31,4.39
1824,2022-12-03,2024-10-04,2024-06-30,3.52
1825,2022-04-09,2023-08-06,2022-04-30,4.77
1825,2022-04-09,2023-08-06,2022-10-31,4.2
1825,2022-04-09,2023-08-06,2023-04-30,4.13
1829,2022-05-01,2023-10-24,2022-05-31,3.9
1829,2022-05-01,2023-10-24,2022-11-30,3.94
1829,2022-05-01,2023-10-24,2023-05-31,4.17
1830,2022-03-23,2023-11-09,2022-03-31,4.35
1830,2022-03-23,2023-11-09,2022-09-30,3.86
1830,2022-03-23,2023-11-09,2023-03-31,4.59
1830,2022-03-23,2023-11-09,2023-09-30,4.25
1833,2022-07-06,2023-07-19,2022-07-31,3.72
1833,2022-07-06,2023-07-19,2023-01-31,4.64
1834,2022-10-09,2023-04-22,2022-10-31,3.75
1836,2022-07-19,2023-02-03,2022-07-31,4.24
1836,2022-07-19,2023-02-03,2023-01-31,4.51
1837,2022-08-26,2024-03-08,2022-08-31,4.7
1837,2022-08-26,2024-03-08,2023-02-28,4.37
1837,2022-08-26,2024-03-08,2023-08-31,4.27
1837,2022-08-26,2024-03-08,2024-02-29,4.38
1838,2023-01-14,2025-01-04,2023-01-31,4.26
1838,2023-01-14,2025-01-04,2023-07-31,4.26
1838,2023-01-14,2025-01-04,2024-01-31,4.04
1838,2023-01-14,2025-01-04,2024-07-31,3.91
1840,2022-02-10,2023-07-10,2022-02-28,4.47
1840,2022-02-10,2023-07-10,2022-08-31,4.09
1840,2022-02-10,2023-07-10,2023-02-28,4.43
1841,2022-05-16,2023-07-03,2022-05-31,3.56
1841,2022-05-16,2023-07-03,2022-11-30,4.05
1841,2022-05-16,2023-07-03,2023-05-31,3.94
1843,2022-06-25,2024-02-16,2022-06-30,4.02
1843,2022-06-25,2024-02-16,2022-12-31,4.01
1843,2022-06-25,,2023-06-30,4.18
1843,2022-06-25,2024-02-16,2023-12-31,4.13
1845,2022-02-13,2023-09-23,2022-02-28,4.4
1845,2022-02-13,2023-09-23,2022-08-31,4.1
1845,2022-02-13,2023-09-23,2023-02-28,4.2
1845,2022-02-13,2023-09-23,2023-08-31,3.5
1849,2022-03-09,2022-11-29,2022-03-31,3.81
1849,2022-03-09,2022-11-29,2022-09-30,3.25
1850,2022-11-16,,2022-11-30,4.76
1850,2022-11-16,2023-11-10,2023-05-31,4.46
1851,2022-03-23,2023-11-04,2022-03-31,4.39
1851,2022-03-23,2023-11-04,2022-09-30,4.55
1851,2022-03-23,2023-11-04,2023-03-31,4.43
1851,2022-03-23,2023-11-04,2023-09-30,4.11
1853,2022-03-15,2023-07-04,2022-03-31,3.86
1853,2022-03-15,2023-07-04,2022-09-30,3.61
1853,2022-03-15,2023-07-04,2023-03-31,3.8
1854,2022-08-15,2023-07-26,2022-08-31,4.46
1854,2022-08-15,2023-07-26,2023-02-28,3.67
1858,2022-10-18,2023-05-10,2022-10-31,3.91
1858,2022-10-18,,2023-04-30,3.99
1860,2022-11-06,2023-09-17,2022-11-30,4.43
1860,2022-11-06,2023-09-17,2023-05-31,4.36
1861,2022-11-06,,2022-11-30,4.38
1862,2022-06-27,2024-05-07,2022-06-30,4.59
1862,2022-06-27,2024-05-07,2022-12-31,4.42
1862,2022-06-27,2024-05-07,2023-06-30,4.38
1862,2022-06-27,2024-05-07,2023-12-31,4.62
1863,2022-10-09,,2022-10-31,4.99
1863,2022-10-09,2023-11-04,2023-04-30,4.96
1863,2022-10-09,2023-11-04,2023-10-31,4.26
1867,2022-06-29,2023-07-07,2022-06-30,4.55
1867,2022-06-29,2023-07-07,2022-12-31,43.6
1867,2022-06-29,2023-07-07,2023-06-30,4.19
1868,2022-07-15,2023-07-23,2022-07-31,3.79
1868,2022-07-15,2023-07-23,2023-01-31,3.42
1869,2022-08-03,2024-07-24,2022-08-31,3.64
1869,2022-08-03,2024-07-24,2023-02-28,4.23
1869,2022-08-03,2024-07-24,2023-08-31,4.48
1869,2022-08-03,2024-07-24,2024-02-29,4.44
1870,2022-12-10,2023-08-08,2022-12-31,4.69
1870,2022-12-10,,2023-06-30,47.0
1873,2022-06-24,2023-02-07,2022-06-30,4.6
1873,2022-06-24,2023-02-07,2022-12-31,3.54
1874,2022-09-23,2023-08-01,2022-09-30,4.06
1874,2022-09-23,2023-08-01,2023-03-31,4.4
1878,2022-04-17,2023-02-11,2022-04-30,3.62
1878,2022-04-17,2023-02-11,2022-10-31,37.5
1879,2022-08-15,,2022-08-31,4.51
1879,2022-08-15,2024-02-01,2023-02-28,4.43
1879,2022-08-15,2024-02-01,2023-08-31,4.74
1883,2022-04-09,2023-03-03,2022-04-30,4.08
1883,2022-04-09,2023-03-03,2022-10-31,4.31
1884,2022-08-05,2023-12-10,2022-08-31,4.56
1884,2022-08-05,2023-12-10,2023-02-28,4.88
1884,2022-08-05,2023-12-10,2023-08-31,4.57
1887,2022-06-10,2024-01-24,2022-06-30,5.0
1887,2022-06-10,2024-01-24,2022-12-31,4.78
1887,2022-06-10,2024-01-24,2023-06-30,4.64
1887,2022-06-10,2024-01-24,2023-12-31,3.87
1892,2022-08-24,2024-02-29,2022-08-31,4.28
1892,2022-08-24,2024-02-29,2023-02-28,4.0
1892,2022-08-24,2024-02-29,2023-08-31,4.34
1893,2022-12-08,2024-06-08,2022-12-31,3.73
1893,2022-12-08,2024-06-08,2023-06-30,4.38
1893,2022-12-08,2024-06-08,2023-12-31,3.76
1894,2022-03-20,,2022-03-31,5.0
1894,2022-03-20,2024-02-17,2022-09-30,4.32
1894,2022-03-20,2024-02-17,2023-03-31,4.46
1894,2022-03-20,2024-02-17,2023-09-30,4.67
1895,2022-01-29,2023-03-01,2022-01-31,3.74
1895,2022-01-29,,2022-07-31,3.9
1895,2022-01-29,2023-03-01,2023-01-31,4.03
1896,2022-01-22,2022-11-17,2022-01-31,4.82
1896,2022-01-22,2022-11-17,2022-07-31,4.4
1897,2022-04-21,2023-12-10,2022-04-30,4.31
1897,2022-04-21,2023-12-10,2022-10-31,4.43
1897,2022-04-21,2023-12-10,2023-04-30,4.23
1897,2022-04-21,2023-12-10,2023-10-31,3.98
1899,2023-01-12,2024-06-16,2023-01-31,3.8
1899,2023-01-12,2024-06-16,2023-07-31,4.38
1899,2023-01-12,2024-06-16,2024-01-31,4.14
1901,2022-08-23,2023-07-17,2022-08-31,3.35
1901,2022-08-23,2023-07-17,2023-02-28,4.39
1902,2022-10-12,2024-09-29,2022-10-31,4.38
1902,2022-10-12,2024-09-29,2023-04-30,3.94
1902,2022-10-12,2024-09-29,2023-10-31,4.19
1902,2022-10-12,2024-09-29,2024-04-30,4.5
1903,2022-11-03,2023-05-11,2022-11-30,4.53
1904,2022-03-16,2023-10-21,2022-03-31,44.2
1904,2022-03-16,2023-10-21,2022-09-30,3.95
1904,2022-03-16,,2023-03-31,4.44
1904,2022-03-16,2023-10-21,2023-09-30,4.64
1905,2022-08-28,2023-06-09,2022-08-31,3.37
1905,2022-08-28,2023-06-09,2023-02-28,3.94
1907,2022-10-04,2024-01-02,2022-10-31,4.84
1907,2022-10-04,2024-01-02,2023-04-30,4.52
1907,2022-10-04,2024-01-02,2023-10-31,4.43
1909,2022-03-21,2024-03-07,2022-03-31,4.83
1909,2022-03-21,2024-03-07,2022-09-30,4.24
1909,2022-03-21,2024-03-07,2023-03-31,4.87
1909,2022-03-21,,2023-09-30,3.9
1913,2022-02-04,2023-08-03,2022-02-28,4.59
1913,2022-02-04,2023-08-03,2022-08-31,4.94
1913,2022-02-04,2023-08-03,2023-02-28,4.59
1914,2022-08-10,2023-10-31,2022-08-31,3.71
1914,2022-08-10,2023-10-31,2023-02-28,3.44
1914,2022-08-10,2023-10-31,2023-08-31,4.11
1915,2022-06-18,2023-03-16,2022-06-30,4.13
1915,2022-06-18,2023-03-16,2022-12-31,4.29
1917,2022-04-23,2024-03-26,2022-04-30,3.51
1917,2022-04-23,2024-03-26,2022-10-31,4.21
1917,2022-04-23,2024-03-26,2023-04-30,3.62
1917,2022-04-23,2024-03-26,2023-10-31,4.35
1918,2022-08-14,2023-08-12,2022-08-31,3.92
1918,2022-08-14,2023-08-12,2023-02-28,3.84
1919,2022-08-25,2023-06-10,2022-08-31,3.75
1919,2022-08-25,2023-06-10,2023-02-28,4.07
1920,2023-01-09,2024-08-08,2023-01-31,4.11
1920,2023-01-09,2024-08-08,2023-07-31,3.82
1920,2023-01-09,2024-08-08,2024-01-31,4.85
1920,2023-01-09,2024-08-08,2024-07-31,3.85
1921,2022-07-15,2023-12-03,2022-07-31,3.91
1921,2022-07-15,2023-12-03,2023-01-31,3.9
1921,2022-07-15,2023-12-03,2023-07-31,4.89
1922,2022-07-10,2023-05-07,2022-07-31,4.18
1922,2022-07-10,2023-05-07,2023-01-31,4.02
1927,2022-12-27,2024-12-15,2022-12-31,4.42
1927,2022-12-27,2024-12-15,2023-06-30,4.04
1927,2022-12-27,2024-12-15,2023-12-31,4.19
1927,2022-12-27,2024-12-15,2024-06-30,3.55
1928,2022-12-20,2024-01-04,2022-12-31,4.06
1928,2022-12-20,2024-01-04,2023-06-30,4.43
1928,2022-12-20,2024-01-04,2023-12-31,3.77
1929,2022-09-03,2024-03-22,2022-09-30,4.4
1929,2022-09-03,2024-03-22,2023-03-31,3.85
1929,2022-09-03,2024-03-22,2023-09-30,4.68
1930,2022-05-27,2024-03-05,2022-05-31,4.07
1930,2022-05-27,2024-03-05,2022-11-30,3.93
1930,2022-05-27,2024-03-05,2023-05-31,3.77
1930,2022-05-27,2024-03-05,2023-11-30,4.25
1931,2022-07-06,2023-09-18,2022-07-31,3.33
1931,2022-07-06,2023-09-18,2023-01-31,3.6
1931,2022-07-06,2023-09-18,2023-07-31,3.43
1932,2022-10-24,2023-05-02,2022-10-31,4.3
1932,2022-10-24,2023-05-02,2023-04-30,3.87
1934,2022-08-23,2024-04-28,2022-08-31,3.9
1934,2022-08-23,2024-04-28,2023-02-28,4.28
1934,2022-08-23,2024-04-28,2023-08-31,4.1
1934,2022-08-23,2024-04-28,2024-02-29,4.62
1935,2022-04-24,2024-03-31,2022-04-30,4.04
1935,2022-04-24,2024-03-31,2022-10-31,4.03
1935,2022-04-24,2024-03-31,2023-04-30,5.0
1935,2022-04-24,2024-03-31,2023-10-31,4.41
1937,2022-03-30,2023-03-01,2022-03-31,4.54
1937,2022-03-30,2023-03-01,2022-09-30,4.2
1938,2022-09-22,2023-04-04,2022-09-30,4.26
1938,2022-09-22,2023-04-04,2023-03-31,4.45
1940,2022-10-14,2023-06-06,2022-10-31,3.88
1940,2022-10-14,2023-06-06,2023-04-30,4.28
1941,2023-01-05,2024-09-13,2023-01-31,4.86
1941,2023-01-05,2024-09-13,2023-07-31,4.72
1941,2023-01-05,2024-09-13,2024-01-31,4.58
1941,2023-01-05,2024-09-13,2024-07-31,4.35
1942,2022-06-01,,2022-06-30,3.79
1942,2022-06-01,2023-01-19,2022-12-31,4.32
1944,2022-11-09,2024-06-03,2022-11-30,4.18
1944,2022-11-09,2024-06-03,2023-05-31,39.8
1944,2022-11-09,2024-06-03,2023-11-30,4.24
1944,2022-11-09,2024-06-03,2024-05-31,3.78
1945,2022-06-11,2023-08-06,2022-06-30,4.47
1945,2022-06-11,2023-08-06,2022-12-31,4.71
1945,2022-06-11,2023-08-06,2023-06-30,4.34
1946,2022-11-17,2023-11-13,2022-11-30,3.71
1946,2022-11-17,2023-11-13,2023-05-31,4.09
1948,2023-01-01,2024-11-03,2023-01-31,4.05
1948,2023-01-01,2024-11-03,2023-07-31,4.88
1948,2023-01-01,2024-11-03,2024-01-31,4.32
1948,2023-01-01,2024-11-03,2024-07-31,4.36
1949,2022-10-19,2024-03-16,2022-10-31,4.78
1949,2022-10-19,2024-03-16,2023-04-30,4.33
1949,2022-10-19,2024-03-16,2023-10-31,4.32
1953,2023-01-09,2024-04-06,2023-01-31,3.63
1953,2023-01-09,2024-04-06,2023-07-31,4.15
1953,2023-01-09,2024-04-06,2024-01-31,4.42
1954,2022-04-21,,2022-04-30,4.3
1954,2022-04-21,2024-01-10,2022-10-31,3.68
1954,2022-04-21,2024-01-10,2023-04-30,4.15
1954,2022-04-21,2024-01-10,2023-10-31,48.9
1955,2022-03-15,2023-03-08,2022-03-31,5.0
1955,2022-03-15,2023-03-08,2022-09-30,4.14
1956,2022-09-04,2023-05-31,2022-09-30,3.91
1956,2022-09-04,2023-05-31,2023-03-31,4.23
1957,2022-07-13,2024-01-20,2022-07-31,3.68
1957,2022-07-13,2024-01-20,2023-01-31,3.87
1957,2022-07-13,2024-01-20,2023-07-31,4.04
1958,2022-09-21,2023-09-29,2022-09-30,3.72
1958,2022-09-21,,2023-03-31,4.07
1960,2022-03-28,2022-10-24,2022-03-31,4.05
1960,2022-03-28,2022-10-24,2022-09-30,4.47
1962,2022-04-30,2023-06-10,2022-04-30,4.28
1962,2022-04-30,2023-06-10,2022-10-31,3.81
1962,2022-04-30,2023-06-10,2023-04-30,3.9
1963,2022-03-17,2023-04-07,2022-03-31,3.76
1963,2022-03-17,2023-04-07,2022-09-30,3.86
1963,2022-03-17,2023-04-07,2023-03-31,4.57
1965,2022-07-11,2024-03-12,2022-07-31,4.04
1965,2022-07-11,2024-03-12,2023-01-31,4.37
1965,2022-07-11,2024-03-12,2023-07-31,4.32
1965,2022-07-11,2024-03-12,2024-01-31,3.8
1969,2022-04-09,2023-11-11,2022-04-30,3.89
1969,2022-04-09,2023-11-11,2022-10-31,3.89
1969,2022-04-09,2023-11-11,2023-04-30,3.93
1969,2022-04-09,2023-11-11,2023-10-31,4.81
1971,2022-10-14,2023-08-25,2022-10-31,46.5
1971,2022-10-14,2023-08-25,2023-04-30,4.0
1972,2022-07-13,2023-08-13,2022-07-31,4.34
1972,2022-07-13,2023-08-13,2023-01-31,4.92
1972,2022-07-13,2023-08-13,2023-07-31,4.82
1974,2023-01-12,2024-07-21,2023-01-31,3.66
1974,2023-01-12,2024-07-21,2023-07-31,4.27
1974,2023-01-12,2024-07-21,2024-01-31,4.12
1975,2022-12-11,2023-07-13,2022-12-31,4.71
1975,2022-12-11,2023-07-13,2023-06-30,4.6
1977,2022-12-01,2023-07-19,2022-12-31,4.22
1977,2022-12-01,2023-07-19,2023-06-30,3.66
1980,2022-04-08,2023-03-23,2022-04-30,4.62
1980,2022-04-08,2023-03-23,2022-10-31,4.13
1983,2022-08-21,2023-08-19,2022-08-31,4.13
1983,2022-08-21,2023-08-19,2023-02-28,4.08
1986,2022-10-12,2023-06-07,2022-10-31,4.45
1986,2022-10-12,2023-06-07,2023-04-30,4.26
1987,2022-02-20,2023-05-31,2022-02-28,4.18
1987,2022-02-20,2023-05-31,2022-08-31,4.3
1987,2022-02-20,2023-05-31,2023-02-28,3.93
1988,2022-11-03,2023-11-14,2022-11-30,4.67
1988,2022-11-03,2023-11-14,2023-05-31,4.35
1991,2022-08-17,2023-12-02,2022-08-31,4.59
1991,2022-08-17,2023-12-02,2023-02-28,4.09
1991,2022-08-17,2023-12-02,2023-08-31,3.83
1993,2022-07-20,2023-12-01,2022-07-31,4.24
1993,2022-07-20,2023-12-01,2023-01-31,3.09
1993,2022-07-20,2023-12-01,2023-07-31,4.03
1995,2022-07-19,2023-06-26,2022-07-31,4.17
1995,2022-07-19,2023-06-26,2023-01-31,3.89
1996,2022-05-27,2023-09-18,2022-05-31,3.96
1996,2022-05-27,2023-09-18,2022-11-30,4.15
1996,2022-05-27,2023-09-18,2023-05-31,4.23
1997,2022-11-23,2023-08-31,2022-11-30,4.32
1997,2022-11-23,2023-08-31,2023-05-31,3.9
1998,2022-10-22,2023-10-01,2022-10-31,3.99
1998,2022-10-22,2023-10-01,2023-04-30,4.35
1999,2022-03-28,2024-01-05,2022-03-31,4.56
1999,2022-03-28,2024-01-05,2022-09-30,4.55
1999,2022-03-28,2024-01-05,2023-03-31,4.63
1999,2022-03-28,2024-01-05,2023-09-30,4.74
1656,2022-06-12,2024-04-26,2023-06-30,3.68
1193,2022-06-01,2024-05-04,2022-12-31,4.19
1480,2022-12-26,2024-12-03,2023-12-31,4.08
1713,2022-04-28,2022-11-14,2022-04-30,3.82
1407,2022-11-06,2024-09-06,2023-11-30,4.99
1594,2022-03-30,2023-10-17,2022-03-31,4.6
1803,2022-12-10,2024-08-13,2024-06-30,4.31
1319,2022-05-23,2024-02-20,2023-05-31,4.4
1488,2023-01-05,2023-10-29,2023-07-31,5.0
1441,2022-03-08,2022-10-16,2022-09-30,4.3
1561,2022-11-22,2024-11-11,2022-11-30,4.39
1196,2022-03-25,2024-03-15,2022-03-31,3.86
1944,2022-11-09,2024-06-03,2024-05-31,3.78
1901,2022-08-23,2023-07-17,2022-08-31,3.35
1582,2022-01-25,2023-08-15,2022-01-31,4.05
1765,2022-05-14,2023-07-04,2022-11-30,3.91
